Words Appearing within 50 Words of “[Ss]chicks[aä]l”,,
Portion of All Occurrences,Occurrences,Term
100.00%,102,schicksal
100.00%,20,schicksals
100.00%,4,entleert
100.00%,4,hingeschwunden
100.00%,4,überschweren
100.00%,4,zukunftsschicksal
100.00%,3,abgeschiedenheit
100.00%,3,dienet
100.00%,3,menschenschicksal
100.00%,3,offenbarung
100.00%,3,schicksalsbefohlen
100.00%,3,schicksalsbestimmt
100.00%,3,schicksalsform
100.00%,3,schicksalsgewalt
100.00%,3,schicksalstragende
100.00%,3,suche
100.00%,3,traumgrenze
100.00%,3,trunken
100.00%,3,verkreuzt
100.00%,2,abgestürzt
100.00%,2,ausgesagt
100.00%,2,begangen
100.00%,2,beschämt
100.00%,2,betreut
100.00%,2,bindung
100.00%,2,bisherige
100.00%,2,brand
100.00%,2,davongegangen
100.00%,2,dom
100.00%,2,errufbar
100.00%,2,erzogen
100.00%,2,fandest
100.00%,2,fiebrigen
100.00%,2,gejagt
100.00%,2,gemeinschaftstragenden
100.00%,2,geschehn
100.00%,2,grüßte
100.00%,2,halbheit
100.00%,2,heimbringend
100.00%,2,hilfsunwillig
100.00%,2,hinabstiegen
100.00%,2,hingekauerten
100.00%,2,hinschweben
100.00%,2,hinzuschweben
100.00%,2,kehrt
100.00%,2,kindhafte
100.00%,2,kronos
100.00%,2,lauterer
100.00%,2,leerform
100.00%,2,nachschaffen
100.00%,2,nackterer
100.00%,2,perlmutterne
100.00%,2,rückweg
100.00%,2,ruhelosigkeit
100.00%,2,sätze
100.00%,2,schicksalgebietend
100.00%,2,schicksalsgeschöpf
100.00%,2,schicksalsgetrieben
100.00%,2,schicksalshaft
100.00%,2,schicksalslose
100.00%,2,schicksalslosen
100.00%,2,schicksalsüberwindend
100.00%,2,schicksalsüberwindung
100.00%,2,schwebens
100.00%,2,stetssicherneuernden
100.00%,2,stockt
100.00%,2,taub
100.00%,2,träumer
100.00%,2,traumform
100.00%,2,unausdrückbares
100.00%,2,unausdrückbarkeit
100.00%,2,unpflicht
100.00%,2,verbürgen
100.00%,2,vergangenheitsschicksal
100.00%,2,vorversuch
100.00%,2,weitergetrieben
100.00%,2,weltmittelpunkt
100.00%,2,wiederaufstieg
100.00%,2,wiedereingeströmt
100.00%,2,wiedererwachte
100.00%,2,zerfallen
100.00%,2,zugesellt
100.00%,1,abänderung
100.00%,1,abendliche
100.00%,1,abergejagt
100.00%,1,aberräume
100.00%,1,aberschweigend
100.00%,1,abertod
100.00%,1,abfall
100.00%,1,abgelöste
100.00%,1,abgeschlossenheit
100.00%,1,abgeschlossenoberen
100.00%,1,abgeschüttelt
100.00%,1,abgewandt
100.00%,1,abgewehrte
100.00%,1,abgleiten
100.00%,1,ablaufsentbunden
100.00%,1,abschiedsbereit
100.00%,1,abstammung
100.00%,1,absterben
100.00%,1,abtastend
100.00%,1,abwandeln
100.00%,1,abwärtsstürzt
100.00%,1,abwehrer
100.00%,1,abzubrechen
100.00%,1,abzuschlagen
100.00%,1,abzuwälzen
100.00%,1,achteten
100.00%,1,albula
100.00%,1,allabendliche
100.00%,1,allerinnerte
100.00%,1,allernächste
100.00%,1,allesaufhebung
100.00%,1,allesdurchdringende
100.00%,1,allesverbergend
100.00%,1,allgestalt
100.00%,1,allgültigkeit
100.00%,1,allüberwindende
100.00%,1,allverschmolzenheit
100.00%,1,allzutief
100.00%,1,andromeda
100.00%,1,angebliche
100.00%,1,angedeihen
100.00%,1,angehörte
100.00%,1,angesteckt
100.00%,1,angstvollst
100.00%,1,anheim
100.00%,1,anheimgefallen
100.00%,1,anordnung
100.00%,1,anpackte
100.00%,1,antreffen
100.00%,1,anzuknüpfen
100.00%,1,äon
100.00%,1,apollinischem
100.00%,1,apollos
100.00%,1,armer
100.00%,1,aste
100.00%,1,atemberaubend
100.00%,1,atemloser
100.00%,1,atemtragenden
100.00%,1,ätherhaft
100.00%,1,aufblühenden
100.00%,1,auferstand
100.00%,1,aufflutende
100.00%,1,auffordert
100.00%,1,aufgehenden
100.00%,1,aufgemacht
100.00%,1,aufgerissene
100.00%,1,aufgesplitterten
100.00%,1,aufgewühlter
100.00%,1,aufleuchtenden
100.00%,1,aufleuchtet
100.00%,1,aufrichten
100.00%,1,aufruf
100.00%,1,aufschimmern
100.00%,1,aufschmetterndbösartig
100.00%,1,aufwallt
100.00%,1,aufweist
100.00%,1,aufzitternd
100.00%,1,aufzupulsen
100.00%,1,aufzustrahlen
100.00%,1,aufzutauchen
100.00%,1,augenblicks
100.00%,1,augenblicksjetzt
100.00%,1,augenblikkes
100.00%,1,augendunkel
100.00%,1,augengroß
100.00%,1,augenkraft
100.00%,1,augenkristallen
100.00%,1,augenlebend
100.00%,1,augenstarr
100.00%,1,aul
100.00%,1,ausanisch
100.00%,1,ause
100.00%,1,auseinanderscheucht
100.00%,1,ausgelotet
100.00%,1,ausgescholten
100.00%,1,ausgesprochene
100.00%,1,ausgezählt
100.00%,1,aushöhlung
100.00%,1,ausläschung
100.00%,1,ausprägen
100.00%,1,aussagend
100.00%,1,ausschöpft
100.00%,1,ausschreiten
100.00%,1,außerstande
100.00%,1,ausweitend
100.00%,1,auszuschreiten
100.00%,1,barkenspitze
100.00%,1,barre
100.00%,1,bauerngesichtern
100.00%,1,bauernjunge
100.00%,1,bausteine
100.00%,1,be
100.00%,1,beängstigung
100.00%,1,bebt
100.00%,1,bedächtiger
100.00%,1,bedürfnislosigkeit
100.00%,1,befahlst
100.00%,1,befahren
100.00%,1,befehlsüberhobenes
100.00%,1,befohlene
100.00%,1,begangene
100.00%,1,begebend
100.00%,1,begegnungsverschwebung
100.00%,1,begnügen
100.00%,1,begünstigen
100.00%,1,beherrscht
100.00%,1,behutsamem
100.00%,1,bekundeten
100.00%,1,beleidigter
100.00%,1,bemüßigt
100.00%,1,benennbare
100.00%,1,berandet
100.00%,1,bergtschaft
100.00%,1,beschließt
100.00%,1,besorgtheit
100.00%,1,besserwisserisch
100.00%,1,besteigen
100.00%,1,bestrafen
100.00%,1,bestrafend
100.00%,1,betonungslos
100.00%,1,beträchtlichen
100.00%,1,beträchtlicher
100.00%,1,betrauert
100.00%,1,betraut
100.00%,1,betreten
100.00%,1,betreuend
100.00%,1,betrübt
100.00%,1,bewacht
100.00%,1,beweglich
100.00%,1,bewerkstelligt
100.00%,1,biegt
100.00%,1,bietet
100.00%,1,bilddurchströmt
100.00%,1,bildgetragen
100.00%,1,bildhaft
100.00%,1,bildumgaukelt
100.00%,1,bittersten
100.00%,1,blaß
100.00%,1,blatte
100.00%,1,bleckenden
100.00%,1,blendung
100.00%,1,blickbegnadete
100.00%,1,blindnotwendigen
100.00%,1,blindsüchtig
100.00%,1,blitzschleudernd
100.00%,1,blöden
100.00%,1,bloßhändig
100.00%,1,blumendurchwirkte
100.00%,1,blumenheiterkeit
100.00%,1,blütenast
100.00%,1,blutige
100.00%,1,blutopfer
100.00%,1,böseste
100.00%,1,bringst
100.00%,1,dahergekommen
100.00%,1,dahinfluten
100.00%,1,dahinflutenden
100.00%,1,dahingetriebenwerden
100.00%,1,dahingleitet
100.00%,1,dahinschwebt
100.00%,1,dahintorkelt
100.00%,1,dämmerndes
100.00%,1,dehnt
100.00%,1,dejenige
100.00%,1,demütiger
100.00%,1,derdom
100.00%,1,dertem
100.00%,1,deutung
100.00%,1,dichtende
100.00%,1,dichtesten
100.00%,1,didos
100.00%,1,dikhicht
100.00%,1,dingedie
100.00%,1,dirs
100.00%,1,dome
100.00%,1,doppelwille
100.00%,1,dortselbst
100.00%,1,drachengestirn
100.00%,1,drängen
100.00%,1,drängend
100.00%,1,dreht
100.00%,1,dringe
100.00%,1,dringst
100.00%,1,drohungsträchtige
100.00%,1,duldest
100.00%,1,dung
100.00%,1,dunkelstrahlenden
100.00%,1,dunklere
100.00%,1,durchfloß
100.00%,1,durchwittert
100.00%,1,dürften
100.00%,1,dürr
100.00%,1,durstes
100.00%,1,ebenderselbe
100.00%,1,ebnen
100.00%,1,echolose
100.00%,1,ehernsanfter
100.00%,1,ehrenswerter
100.00%,1,ehrgeizling
100.00%,1,eichen
100.00%,1,eidträger
100.00%,1,eidvergessen
100.00%,1,eigenerinnerung
100.00%,1,eigenstes
100.00%,1,einandergeformt
100.00%,1,eindringe
100.00%,1,einge
100.00%,1,eingeflammt
100.00%,1,eingeflossen
100.00%,1,eingeflüchtet
100.00%,1,eingeht
100.00%,1,eingpulst
100.00%,1,einheitsgemenge
100.00%,1,einheitssein
100.00%,1,einheitsvielfalt
100.00%,1,einlaß
100.00%,1,einschlossen
100.00%,1,einschreitend
100.00%,1,einstigheimatlichen
100.00%,1,einstrahlend
100.00%,1,einundfünfzigsten
100.00%,1,einverbunden
100.00%,1,einverflossen
100.00%,1,einverkerkert
100.00%,1,einzureihen
100.00%,1,eirigekeimt
100.00%,1,ekelten
100.00%,1,elendsquartier
100.00%,1,elfenbeinglanz
100.00%,1,elgtja
100.00%,1,emporgestiegen
100.00%,1,emporziehend
100.00%,1,endet
100.00%,1,entbunden
100.00%,1,entfaltest
100.00%,1,entfesselt
100.00%,1,entfliehen
100.00%,1,entflieht
100.00%,1,entgegenstehend
100.00%,1,entgegenstellte
100.00%,1,enthebehd
100.00%,1,enthüllten
100.00%,1,entlarvung
100.00%,1,entlasten
100.00%,1,entleertheit
100.00%,1,entlösend
100.00%,1,entrinnt
100.00%,1,entriß
100.00%,1,entscheidungen
100.00%,1,entschöpflichte
100.00%,1,entschwebend
100.00%,1,entseelten
100.00%,1,entsetzlicheres
100.00%,1,entspricht
100.00%,1,entsühnung
100.00%,1,enttäuschen
100.00%,1,enttauschung
100.00%,1,entweichen
100.00%,1,erbost
100.00%,1,erdeingestorben
100.00%,1,erdsphären
100.00%,1,erdulden
100.00%,1,erfaßlich
100.00%,1,erfaßlichen
100.00%,1,erforschen
100.00%,1,erforschung
100.00%,1,erfüllter
100.00%,1,ergänzung
100.00%,1,ergebenheit
100.00%,1,ergehend
100.00%,1,ergeht
100.00%,1,ergrauen
100.00%,1,erhörend
100.00%,1,erinnerten
100.00%,1,erinnerungsgetöse
100.00%,1,erinnerungsrückkehr
100.00%,1,erinnerungstief
100.00%,1,erkanntwerden
100.00%,1,erkenntnisbefreiten
100.00%,1,erkenntniseid
100.00%,1,erkenntnisgerichteter
100.00%,1,erkenntnisgezweige
100.00%,1,erkenntniskern
100.00%,1,erkenntnisoffen
100.00%,1,erkenntnisungeduldig
100.00%,1,erkenntnisverantwortung
100.00%,1,erlangen
100.00%,1,erleichtern
100.00%,1,erlöser
100.00%,1,ermattet
100.00%,1,ermatteten
100.00%,1,ernsthaftigkeit
100.00%,1,ernüchtert
100.00%,1,erobernd
100.00%,1,erpflücken
100.00%,1,erschaubare
100.00%,1,erscheint
100.00%,1,erschlaffung
100.00%,1,erschollen
100.00%,1,erschöpfe
100.00%,1,erschreckter
100.00%,1,erstarrende
100.00%,1,erstmaligen
100.00%,1,erstmaliges
100.00%,1,erstorbener
100.00%,1,erstrebung
100.00%,1,erwartungsvolle
100.00%,1,erweckungsbereitschaft
100.00%,1,erweckungspflicht
100.00%,1,erweckungsqual
100.00%,1,erzählte
100.00%,1,eurydikes
100.00%,1,ewigährenden
100.00%,1,ewigkeitslied
100.00%,1,fachkundig
100.00%,1,faden
100.00%,1,fahlen
100.00%,1,falschem
100.00%,1,fasern
100.00%,1,federstrichartig
100.00%,1,fehlweges
100.00%,1,fensterreihen
100.00%,1,fernsterinnerten
100.00%,1,fesselentstreifte
100.00%,1,fett
100.00%,1,feuergetauchten
100.00%,1,feuerlos
100.00%,1,feuerumflossenen
100.00%,1,fieberbefreiten
100.00%,1,flaumleicht
100.00%,1,flocke
100.00%,1,flötenberauscht
100.00%,1,flüchtenden
100.00%,1,flüchtigstem
100.00%,1,fluchtziel
100.00%,1,forme
100.00%,1,formmannigfaltigkeit
100.00%,1,formüberwindend
100.00%,1,formungsbereitschaft
100.00%,1,formungsstärke
100.00%,1,formverwandlung
100.00%,1,fortgestetzter
100.00%,1,freigewordene
100.00%,1,freiwilligen
100.00%,1,freudigfemigen
100.00%,1,freundschaftdu
100.00%,1,fristen
100.00%,1,fronend
100.00%,1,fruchttragende
100.00%,1,frühmorgendlichen
100.00%,1,frühverblichenen
100.00%,1,führender
100.00%,1,führerknaben
100.00%,1,führerlosen
100.00%,1,führuhgslos
100.00%,1,führungsunfahig
100.00%,1,funkenkichernden
100.00%,1,funkenumschwärmt
100.00%,1,furchigen
100.00%,1,furchtbaren
100.00%,1,fürchterlichen
100.00%,1,fürgimmer
100.00%,1,ganﬂzheit
100.00%,1,garamanten
100.00%,1,gebar
100.00%,1,gebieter
100.00%,1,geblickt
100.00%,1,gedächtnislosen
100.00%,1,gedichtete
100.00%,1,gefährlichen
100.00%,1,gefestigtes
100.00%,1,gefildetrunkenen
100.00%,1,gefolgt
100.00%,1,gegenbilder
100.00%,1,gegenwärtiger
100.00%,1,gehaltenwerden
100.00%,1,gehäufter
100.00%,1,gekröse
100.00%,1,gelähmtlähmenden
100.00%,1,gelaub
100.00%,1,gelaubes
100.00%,1,geläut
100.00%,1,geläute
100.00%,1,gelenkten
100.00%,1,gelesen
100.00%,1,gelingts
100.00%,1,gemeinschaftsscheu
100.00%,1,gemüsekarren
100.00%,1,genien
100.00%,1,geplant
100.00%,1,geringschätzig
100.00%,1,geschäftigkeiten
100.00%,1,geschehensgleich
100.00%,1,geschehnissen
100.00%,1,geschenkte
100.00%,1,geschmäcklicher
100.00%,1,geschüttelt
100.00%,1,gesehenem
100.00%,1,gesetzeszusammenhang
100.00%,1,gestrüppe
100.00%,1,getaugt
100.00%,1,geträumten
100.00%,1,gewähnt
100.00%,1,gewaltlosen
100.00%,1,gewässers
100.00%,1,gewesenheit
100.00%,1,gewichtig
100.00%,1,gewinnend
100.00%,1,gewolbe
100.00%,1,gewolltschicksalslos
100.00%,1,gewühles
100.00%,1,gezeugtheit
100.00%,1,gierleben
100.00%,1,glattgesichtig
100.00%,1,glattgoldenes
100.00%,1,gleitende
100.00%,1,glockengelaute
100.00%,1,glückhafte
100.00%,1,glückhaftglücklosen
100.00%,1,glückssehnsucht
100.00%,1,glückswirklichkeit
100.00%,1,gnadenempfängnis
100.00%,1,goldgrüne
100.00%,1,goldklang
100.00%,1,götterbefehl
100.00%,1,götterbeherrschender
100.00%,1,götterenthobenes
100.00%,1,götterfehde
100.00%,1,göttergeschlechter
100.00%,1,göttergewalt
100.00%,1,götterraum
100.00%,1,götterschicksal
100.00%,1,göttersinn
100.00%,1,götterverboten
100.00%,1,göttervernichtend
100.00%,1,göttervernichtendes
100.00%,1,gottesschicksal
100.00%,1,gottesverpflichtung
100.00%,1,gottgezeugten
100.00%,1,göttlichrührenden
100.00%,1,gottwerdung
100.00%,1,grabmal
100.00%,1,gräßlichem
100.00%,1,grauensernüchterung
100.00%,1,grauensstillstand
100.00%,1,grausamer
100.00%,1,grenzraumes
100.00%,1,grenzspiel
100.00%,1,grenzumschlossen
100.00%,1,grolende
100.00%,1,großväter
100.00%,1,grufthöhle
100.00%,1,gruftstraßen
100.00%,1,grüßend
100.00%,1,grüßt
100.00%,1,guß
100.00%,1,gutmütiges
100.00%,1,halbe
100.00%,1,händenoh
100.00%,1,hängeschwanz
100.00%,1,hängt
100.00%,1,hartnäckig
100.00%,1,hauches
100.00%,1,hauehlos
100.00%,1,heilig
100.00%,1,heilsan
100.00%,1,heilsbeglückend
100.00%,1,heilsträchtige
100.00%,1,heilung
100.00%,1,heimatlichkeit
100.00%,1,heimatsentscheidung
100.00%,1,heimatsgegenwart
100.00%,1,heimatsrecht
100.00%,1,heimfall
100.00%,1,heldenmut
100.00%,1,helligkeitsnacht
100.00%,1,herabgemin
100.00%,1,heräusdringt
100.00%,1,herausheben
100.00%,1,herdennacht
100.00%,1,herdenursprung
100.00%,1,heroengeschlechter
100.00%,1,heroenpaar
100.00%,1,heros
100.00%,1,herrschaftsgebannt
100.00%,1,herrschaftsrecht
100.00%,1,hertrieb
100.00%,1,herüberflutete
100.00%,1,herübergewandert
100.00%,1,hervorragt
100.00%,1,herzaufheben
100.00%,1,herzinnerste
100.00%,1,herzschlages
100.00%,1,heulenden
100.00%,1,hilfeleistung
100.00%,1,hilfelosen
100.00%,1,hilflosen
100.00%,1,hilfreiche
100.00%,1,hilfsgemcinschaft
100.00%,1,hilfsunfähig
100.00%,1,hilfsunwilligen
100.00%,1,hilfsunwilligkeit
100.00%,1,himmeln
100.00%,1,himmelsauges
100.00%,1,himmelseingeweiden
100.00%,1,himmelsjetzt
100.00%,1,himmelsvaters
100.00%,1,hinabdringend
100.00%,1,hinabgleiten
100.00%,1,hinabsank
100.00%,1,hinaltern
100.00%,1,hinannging
100.00%,1,hinaufgewandert
100.00%,1,hinausgebreitet
100.00%,1,hinausgeträumt
100.00%,1,hinausgetrieben
100.00%,1,hinausgetriebensein
100.00%,1,hindenken
100.00%,1,hindurchschimmerte
100.00%,1,hineingetragen
100.00%,1,hineinreichend
100.00%,1,hineinzuschweben
100.00%,1,hinflutende
100.00%,1,hingetrieben
100.00%,1,hingibt
100.00%,1,hinheben
100.00%,1,hinkten
100.00%,1,hinreichender
100.00%,1,hinreichenderalso
100.00%,1,hinterbacken
100.00%,1,hinterbeine
100.00%,1,hinüberzugreifen
100.00%,1,hinweggeeilte
100.00%,1,hinwiederum
100.00%,1,hinzielt
100.00%,1,höbe
100.00%,1,hochbepackten
100.00%,1,hölle
100.00%,1,homers
100.00%,1,hörnernen
100.00%,1,humustragenden
100.00%,1,ie
100.00%,1,immererwartete
100.00%,1,immergewesene
100.00%,1,ineinandergebannt
100.00%,1,ineinandergebannten
100.00%,1,ineinandergeeint
100.00%,1,ineinandergepulst
100.00%,1,ineinandergeweitet
100.00%,1,ineinandergleitens
100.00%,1,ineinanderschlagend
100.00%,1,ineinanderschüttelten
100.00%,1,ineinanderverschränkten
100.00%,1,ineinanderverstrahlt
100.00%,1,ineinanderverströmen
100.00%,1,inhaltlosigkeit
100.00%,1,inhaltserkennbar
100.00%,1,innewerdenden
100.00%,1,innewerdens
100.00%,1,innigsten
100.00%,1,ionische
100.00%,1,italischer
100.00%,1,jagen
100.00%,1,jagt
100.00%,1,jäher
100.00%,1,jahres
100.00%,1,jenseitserschaffenen
100.00%,1,jenseitsgewinnes
100.00%,1,jugendgeliebten
100.00%,1,juliergeschlecht
100.00%,1,kalbende
100.00%,1,kaskaden
100.00%,1,kehrst
100.00%,1,keifen
100.00%,1,keifte
100.00%,1,keimenden
100.00%,1,kerkerwände
100.00%,1,kessel
100.00%,1,kielwassers
100.00%,1,kindhaft
100.00%,1,kindheitsumschlossen
100.00%,1,kindheitsverborgen
100.00%,1,klangbild
100.00%,1,klanges
100.00%,1,klirrende
100.00%,1,knarrten
100.00%,1,knechte
100.00%,1,knechtung
100.00%,1,kohlköpfen
100.00%,1,kopfwackelnd
100.00%,1,körperfreies
100.00%,1,kosende
100.00%,1,krautköpfen
100.00%,1,kreuzen
100.00%,1,kriegfordernd
100.00%,1,kristallinischer
100.00%,1,kristallsprache
100.00%,1,kronide
100.00%,1,kühlsteinerne
100.00%,1,kündigten
100.00%,1,kunstwerke
100.00%,1,küstenbrise
100.00%,1,lachensgedröhn
100.00%,1,lachenslüstern
100.00%,1,lachensüberströmt
100.00%,1,landschaftsträumende
100.00%,1,lässigen
100.00%,1,laubbaum
100.00%,1,lauteren
100.00%,1,lebbarer
100.00%,1,lebensbegehren
100.00%,1,lebensgewalten
100.00%,1,leerste
100.00%,1,lehnt
100.00%,1,leidenentlösung
100.00%,1,lenzliche
100.00%,1,letztem
100.00%,1,letztirdischer
100.00%,1,leuchthauch
100.00%,1,leuchtschächte
100.00%,1,leuchtstimmen
100.00%,1,lichterstarrung
100.00%,1,lichtgefilde
100.00%,1,lichthaft
100.00%,1,lichtpochen
100.00%,1,lichts
100.00%,1,lichtschein
100.00%,1,lichtvereinzelung
100.00%,1,lichtverheißend
100.00%,1,lichtwärts
100.00%,1,lichtzerstarrend
100.00%,1,liebenderkennender
100.00%,1,liebessicherheit
100.00%,1,liedhaften
100.00%,1,liegst
100.00%,1,listigen
100.00%,1,locken
100.00%,1,lorbeerschößling
100.00%,1,lorbeerumdufteten
100.00%,1,lügen
100.00%,1,mächtigallumfassend
100.00%,1,mahnende
100.00%,1,maßen
100.00%,1,massenunheil
100.00%,1,meeresluft
100.00%,1,meeresstrande
100.00%,1,menschengeschlechter
100.00%,1,menschengewühles
100.00%,1,menschheitsverpflichtung
100.00%,1,milchstraßendurchzogen
100.00%,1,mischkrug
100.00%,1,miteingeschmiegt
100.00%,1,mitgerissen
100.00%,1,mitreißende
100.00%,1,monddurchflossenschwarzen
100.00%,1,mondüberrieseltem
100.00%,1,mondüberrieselten
100.00%,1,morden
100.00%,1,mordgeschwängerter
100.00%,1,morgendämmerung
100.00%,1,müdheißen
100.00%,1,müdigkeiten
100.00%,1,mündungen
100.00%,1,mutterrufe
100.00%,1,mutterwunsch
100.00%,1,nachbars
100.00%,1,nachgegeben
100.00%,1,nachtatems
100.00%,1,nachtaufgelöst
100.00%,1,nachtaugesich
100.00%,1,nachtdurchfliegenden
100.00%,1,nachterstarrt
100.00%,1,nachthaft
100.00%,1,nachtkreis
100.00%,1,nachtlächelns
100.00%,1,nachtrande
100.00%,1,nachtsäfte
100.00%,1,nachtseher
100.00%,1,nacktdurchsichtiger
100.00%,1,nackterem
100.00%,1,nacktwunder
100.00%,1,nahfernes
100.00%,1,nebenmensch
100.00%,1,neuerstrahle
100.00%,1,neugeschaffene
100.00%,1,neugewonnene
100.00%,1,nichtendenwollenden
100.00%,1,nichterkannt
100.00%,1,nichterkennen
100.00%,1,nichtliebe
100.00%,1,nichtmehr
100.00%,1,nichtschlaf
100.00%,1,nichtt
100.00%,1,nichtunterscheidung
100.00%,1,nichtwollen
100.00%,1,nichtzubewältigende
100.00%,1,niederzwingend
100.00%,1,niemalsentschwindende
100.00%,1,nimmererreichbare
100.00%,1,nimmererreichbaren
100.00%,1,nimmererreichte
100.00%,1,nimmst
100.00%,1,nötigung
100.00%,1,offenbarst
100.00%,1,offne
100.00%,1,öffnungheischend
100.00%,1,opfernd
100.00%,1,opferzwietracht
100.00%,1,ordnungsaufhebend
100.00%,1,ordnungsstiftende
100.00%,1,panne
100.00%,1,pegasus
100.00%,1,pflanzenwuchs
100.00%,1,pflanzliches
100.00%,1,pflichtunwillig
100.00%,1,pflichtverhaftete
100.00%,1,pflichtzugekehrten
100.00%,1,plagende
100.00%,1,platzmitte
100.00%,1,pöbelhafte
100.00%,1,pöbelherde
100.00%,1,pöbelmasse
100.00%,1,pochenden
100.00%,1,pocht
100.00%,1,preisgibt
100.00%,1,proserpina
100.00%,1,prüfend
100.00%,1,prüft
100.00%,1,raben
100.00%,1,rasselndes
100.00%,1,ratselhaft
100.00%,1,raunender
100.00%,1,rauschverhaftet
100.00%,1,rauschzwietracht
100.00%,1,rechne
100.00%,1,reichere
100.00%,1,reichten
100.00%,1,reichtumszuwachs
100.00%,1,reißt
100.00%,1,rettet
100.00%,1,rghjgrmer
100.00%,1,richtungsloses
100.00%,1,rieselten
100.00%,1,ringe
100.00%,1,rinnen
100.00%,1,rückgezwungen
100.00%,1,ruckkehr
100.00%,1,rufenden
100.00%,1,ruhme
100.00%,1,rührender
100.00%,1,salziger
100.00%,1,sank
100.00%,1,satzkreise
100.00%,1,satzwellen
100.00%,1,schaffung
100.00%,1,schamerfüllte
100.00%,1,schamlos
100.00%,1,schamlose
100.00%,1,schar
100.00%,1,schattenfahlen
100.00%,1,schattenloses
100.00%,1,schattenrauschend
100.00%,1,schaue
100.00%,1,schaukeltritt
100.00%,1,scheinansatz
100.00%,1,scheinbarer
100.00%,1,scheinschritt
100.00%,1,scheinumwendung
100.00%,1,scheinwirklichen
100.00%,1,schelten
100.00%,1,schemen
100.00%,1,scheuern
100.00%,1,schicksalaufsichnehmen
100.00%,1,schicksalen
100.00%,1,schicksalgebannt
100.00%,1,schicksalhaft
100.00%,1,schicksalsabfolge
100.00%,1,schicksalsablauf
100.00%,1,schicksalsablaufes
100.00%,1,schicksalsaufgabe
100.00%,1,schicksalsauge
100.00%,1,schicksalsbedingt
100.00%,1,schicksalsbefohlenen
100.00%,1,schicksalsbefohlenes
100.00%,1,schicksalsbestimmender
100.00%,1,schicksalsbestimmte
100.00%,1,schicksalsbestimmten
100.00%,1,schicksalsbild
100.00%,1,schicksalseingriff
100.00%,1,schicksalseinheit
100.00%,1,schicksalsentblößt
100.00%,1,schicksalsenthobenen
100.00%,1,schicksalsentlöst
100.00%,1,schicksalsentronnen
100.00%,1,schicksalsfurcht
100.00%,1,schicksalsgebietend
100.00%,1,schicksalsgebotes
100.00%,1,schicksalsgeprägt
100.00%,1,schicksalsgetriebene
100.00%,1,schicksalsgewalten
100.00%,1,schicksalsgewaltig
100.00%,1,schicksalsgewölbe
100.00%,1,schicksalsgöttlicher
100.00%,1,schicksalshoffnung
100.00%,1,schicksalskreis
100.00%,1,schicksalslachen
100.00%,1,schicksalslos
100.00%,1,schicksalsnacktheit
100.00%,1,schicksalsnotwendigkeit
100.00%,1,schicksalspflicht
100.00%,1,schicksalsrande
100.00%,1,schicksalsregel
100.00%,1,schicksalsspruch
100.00%,1,schicksalsstrafe
100.00%,1,schicksalsumwoben
100.00%,1,schicksalsunheil
100.00%,1,schicksalsverborgenen
100.00%,1,schicksalsverboten
100.00%,1,schicksalsverheißene
100.00%,1,schicksalsverlöschen
100.00%,1,schicksalsvorbezeichnet
100.00%,1,schicksalsweges
100.00%,1,schicksalswissen
100.00%,1,schicksalszersprengend
100.00%,1,schicksalszersprengung
100.00%,1,schicksalüberwindenden
100.00%,1,schimmert
100.00%,1,schlafens
100.00%,1,schlafschoß
100.00%,1,schlaftum
100.00%,1,schlafwandlerische
100.00%,1,schlangenumwindung
100.00%,1,schlichtes
100.00%,1,schmeichlerisch
100.00%,1,schmerlicher
100.00%,1,schmerzlicher
100.00%,1,schneidendem
100.00%,1,schönheitsschaffung
100.00%,1,schönheitsumflossene
100.00%,1,schönheitsvernichtend
100.00%,1,schonlängst
100.00%,1,schöpfungsanstrengung
100.00%,1,schöpfungsdom
100.00%,1,schöpfungsgottheit
100.00%,1,schöpfungszertrümmerung
100.00%,1,schößling
100.00%,1,schrumpfen
100.00%,1,schuldlos
100.00%,1,schützend
100.00%,1,schwanger
100.00%,1,schwanz
100.00%,1,schwerzend
100.00%,1,segelleinwand
100.00%,1,segelten
100.00%,1,sehnsuchterahnend
100.00%,1,sehnsuchtsbegnadete
100.00%,1,sehnsuchtsstadt
100.00%,1,seinsbewältigung
100.00%,1,seinsgestrüpps
100.00%,1,seinsgrund
100.00%,1,selbige
100.00%,1,selbstbewältigung
100.00%,1,senkt
100.00%,1,septemberkühlen
100.00%,1,sicanisch
100.00%,1,sichselbsterschaffenden
100.00%,1,sichtberen
100.00%,1,siebenfarbige
100.00%,1,siedeln
100.00%,1,silbertönend
100.00%,1,sinnlosigkeit
100.00%,1,slches
100.00%,1,sonderung
100.00%,1,sonnenlöwen
100.00%,1,sonnennebel
100.00%,1,sonnenuntergang
100.00%,1,spähend
100.00%,1,spart
100.00%,1,späte
100.00%,1,spendend
100.00%,1,sphärenblick
100.00%,1,sphärendurcheinanders
100.00%,1,sphärengrenze
100.00%,1,sphärenumschließendem
100.00%,1,splitter
100.00%,1,sprachunerfaßlichstem
100.00%,1,sprechende
100.00%,1,sprießen
100.00%,1,spruche
100.00%,1,sprühen
100.00%,1,stahl
100.00%,1,stammend
100.00%,1,stammes
100.00%,1,stampfte
100.00%,1,stärkerem
100.00%,1,stärkster
100.00%,1,starrenden
100.00%,1,stärrmordende
100.00%,1,stattgehabten
100.00%,1,statthaben
100.00%,1,steckend
100.00%,1,steinfliesen
100.00%,1,steinzertrümmerung
100.00%,1,sterbensgebot
100.00%,1,sternenmusik
100.00%,1,sternenübersät
100.00%,1,sternenumwoben
100.00%,1,sternsaat
100.00%,1,stillhaltend
100.00%,1,stimmenabgrund
100.00%,1,stimmunsichtbare
100.00%,1,stirbst
100.00%,1,stokkend
100.00%,1,stoppelwangig
100.00%,1,stößt
100.00%,1,strahlenform
100.00%,1,strahlengestrüpp
100.00%,1,strahlenumflossenen
100.00%,1,strahlenzerlöst
100.00%,1,strauchwerks
100.00%,1,streichelnder
100.00%,1,strengmilder
100.00%,1,stummkeuchender
100.00%,1,stummtosenden
100.00%,1,sündige
100.00%,1,sychäus
100.00%,1,tanze
100.00%,1,tauen
100.00%,1,teilhat
100.00%,1,teilnimmt
100.00%,1,thrones
100.00%,1,thybris
100.00%,1,tiber
100.00%,1,tieferes
100.00%,1,tiefgesenkten
100.00%,1,tierisches
100.00%,1,todesgewohnt
100.00%,1,todesliebe
100.00%,1,todesschwanger
100.00%,1,todeswolke
100.00%,1,tonzerstarrend
100.00%,1,torflügel
100.00%,1,traf
100.00%,1,tränenschwer
100.00%,1,transparenten
100.00%,1,traumblind
100.00%,1,traumdurchtränkendes
100.00%,1,traumespforte
100.00%,1,traumfernen
100.00%,1,traumfrieden
100.00%,1,traumgeboren
100.00%,1,traumgebunden
100.00%,1,traumgewölben
100.00%,1,traumkaltes
100.00%,1,traumloslichte
100.00%,1,traumsichtbarkeit
100.00%,1,traumsonne
100.00%,1,traumstark
100.00%,1,traumte
100.00%,1,traumtod
100.00%,1,traumwerkzeug
100.00%,1,traumwissend
100.00%,1,traumwurzeln
100.00%,1,traumzersprengung
100.00%,1,triefend
100.00%,1,tröstumg
100.00%,1,trotziger
100.00%,1,trüben
100.00%,1,trugst
100.00%,1,überbedrohlichen
100.00%,1,überhitzte
100.00%,1,uberschicksälhaften
100.00%,1,überschicksalshaft
100.00%,1,überschmerzlichschmerzhaft
100.00%,1,überschnitten
100.00%,1,überschreitung
100.00%,1,überschwere
100.00%,1,überunerfaßlich
100.00%,1,überwindet
100.00%,1,überzeugend
100.00%,1,uferplatzes
100.00%,1,umbreitet
100.00%,1,umfassung
100.00%,1,umgeformt
100.00%,1,umlauf
100.00%,1,umstülpung
100.00%,1,umwegen
100.00%,1,umzingelt
100.00%,1,unabänderliches
100.00%,1,unabsehbares
100.00%,1,unausbleibliche
100.00%,1,unausgesondert
100.00%,1,unausgesprochene
100.00%,1,unausschreitbar
100.00%,1,unausschreitbare
100.00%,1,unausschreitbaren
100.00%,1,unbedingtem
100.00%,1,unbegangene
100.00%,1,unbekanntes
100.00%,1,unbenennbaren
100.00%,1,unberührten
100.00%,1,unbesieglich
100.00%,1,unbesiegliche
100.00%,1,unbestatteter
100.00%,1,unbetrügbar
100.00%,1,unbewegtesten
100.00%,1,unehtrinnbaren
100.00%,1,uneingestanden
100.00%,1,unentfalteten
100.00%,1,unentrinnbares
100.00%,1,unerforschlichstes
100.00%,1,unergründlichen
100.00%,1,unerinnerte
100.00%,1,unerkannt
100.00%,1,unerkennbare
100.00%,1,unerkennbarer
100.00%,1,unerlöst
100.00%,1,unerschaffen
100.00%,1,unerschaubarer
100.00%,1,unerschlossenen
100.00%,1,unerstarkt
100.00%,1,unfolgsames
100.00%,1,ungebonen
100.00%,1,ungedachte
100.00%,1,ungedichtet
100.00%,1,ungedichtete
100.00%,1,ungesungenen
100.00%,1,unheilerschaffend
100.00%,1,unheilig
100.00%,1,unheilsaufhebend
100.00%,1,unheilserstarrend
100.00%,1,unheilserstarrt
100.00%,1,unheilsjauchzend
100.00%,1,unheilsträchtig
100.00%,1,unheilstraurigkeit
100.00%,1,unheilswütig
100.00%,1,unheilvolle
100.00%,1,unhingegeben
100.00%,1,unhold
100.00%,1,unirdisch
100.00%,1,unirdischer
100.00%,1,unlebendige
100.00%,1,unlöslichen
100.00%,1,unmenschliche
100.00%,1,unmißverstündlich
100.00%,1,unmittelbarem
100.00%,1,unmittelbares
100.00%,1,unmittelbarkeiten
100.00%,1,unnachsichtig
100.00%,1,unnachsichtlich
100.00%,1,unraume
100.00%,1,unrettbare
100.00%,1,unrichtiger
100.00%,1,unsagbare
100.00%,1,unschuldig
100.00%,1,unsichtbarsichtbaren
100.00%,1,unsterbliches
100.00%,1,untaugliches
100.00%,1,unteilhaftiges
100.00%,1,untergegangen
100.00%,1,unterirdische
100.00%,1,unterschei
100.00%,1,unterscheidend
100.00%,1,unterweltsniichternheit
100.00%,1,untilgbare
100.00%,1,untragbar
100.00%,1,untrügerisch
100.00%,1,untrüglichen
100.00%,1,unüberbrückbarunüberrufbar
100.00%,1,ununterscheidung
100.00%,1,ununterschiedliches
100.00%,1,unvereinbar
100.00%,1,unvergessene
100.00%,1,unverhöhnbar
100.00%,1,unverhöhnbarkeit
100.00%,1,unverlierbarkeit
100.00%,1,unverwirklicht
100.00%,1,unvollendbar
100.00%,1,unvollendet
100.00%,1,unvollendete
100.00%,1,unvollkommenes
100.00%,1,unwert
100.00%,1,unwiderrufliche
100.00%,1,unwiederbringlichen
100.00%,1,unzersprengbare
100.00%,1,unzugänglichen
100.00%,1,uranfangs
100.00%,1,urdunklen
100.00%,1,ureigenste
100.00%,1,urnachbarschaft
100.00%,1,urnacht
100.00%,1,urplötzlich
100.00%,1,urplötzlichen
100.00%,1,urschicksalhaft
100.00%,1,urschweigen
100.00%,1,ursprungs
100.00%,1,urunbekannten
100.00%,1,ururnächtlichen
100.00%,1,urverhängnis
100.00%,1,vateraufruf
100.00%,1,verantwortungswillen
100.00%,1,verbannter
100.00%,1,verbindlich
100.00%,1,verbogen
100.00%,1,verborgensein
100.00%,1,verborgensten
100.00%,1,verborgenster
100.00%,1,verdammenswert
100.00%,1,verdämmernder
100.00%,1,verfertigte
100.00%,1,verfließen
100.00%,1,vergangeheitsbehaftet
100.00%,1,vergangenheitsbild
100.00%,1,verganglich
100.00%,1,vergaßen
100.00%,1,vergehensschicksal
100.00%,1,vergessend
100.00%,1,vergessenheitnichts
100.00%,1,vergewisserte
100.00%,1,vergreisungen
100.00%,1,verhören
100.00%,1,verirrung
100.00%,1,verklären
100.00%,1,verkreuzung
100.00%,1,verlogen
100.00%,1,verlogenheit
100.00%,1,verlokkung
100.00%,1,verlorenunhörbaren
100.00%,1,vermeinte
100.00%,1,vermeinten
100.00%,1,verneinte
100.00%,1,vernichte
100.00%,1,vernichteter
100.00%,1,vernichtungslüstern
100.00%,1,vernichtungswütigen
100.00%,1,verruchtes
100.00%,1,verschiedene
100.00%,1,verschlungenen
100.00%,1,verschmähten
100.00%,1,verschwandohne
100.00%,1,verschwistern
100.00%,1,verschwistert
100.00%,1,verstandeswahrheit
100.00%,1,verständigungsgrundlage
100.00%,1,verständlich
100.00%,1,versteckten
100.00%,1,versunkenheit
100.00%,1,vertrauteste
100.00%,1,verursachung
100.00%,1,verwandelst
100.00%,1,verwebung
100.00%,1,verwirklichen
100.00%,1,verworfen
100.00%,1,verwünschung
100.00%,1,verzagend
100.00%,1,verzeihend
100.00%,1,verzichtet
100.00%,1,vielästig
100.00%,1,vielaugigen
100.00%,1,vielfaltseinheit
100.00%,1,vielmäuligen
100.00%,1,vielschwingigen
100.00%,1,vielzüngigen
100.00%,1,vollbärtig
100.00%,1,vollende
100.00%,1,vollkommenerwarteschreibe
100.00%,1,voraussagbar
100.00%,1,vorbegrüßend
100.00%,1,vorbeigeht
100.00%,1,vorbeitorkelt
100.00%,1,vorerinnerten
100.00%,1,vorerst
100.00%,1,vorgewußten
100.00%,1,vormütterlichen
100.00%,1,vorschicksalhaft
100.00%,1,vorschicksalshaft
100.00%,1,vorschöpflich
100.00%,1,vorväter
100.00%,1,vorväterlich
100.00%,1,vorvorbereitet
100.00%,1,vorwärtsbewegen
100.00%,1,vorwärtsgesagt
100.00%,1,vorzeitiges
100.00%,1,vorzudringen
100.00%,1,wagte
100.00%,1,wählen
100.00%,1,wählet
100.00%,1,wahnes
100.00%,1,wahrheitsungeduldig
100.00%,1,wahrste
100.00%,1,weggeblasen
100.00%,1,weggetrieben
100.00%,1,weglachen
100.00%,1,wegumkehrung
100.00%,1,weiberstimmen
100.00%,1,weiterbewegen
100.00%,1,weitereroberten
100.00%,1,weitergabe
100.00%,1,weitergegeben
100.00%,1,weitergegebene
100.00%,1,weiterschimmernde
100.00%,1,weitertorkelte
100.00%,1,welteinsamkeit
100.00%,1,weltenraumes
100.00%,1,weltkuppel
100.00%,1,weltlicher
100.00%,1,weltlos
100.00%,1,weltschlangenumkränzt
100.00%,1,wendest
100.00%,1,werdendes
100.00%,1,werktätige
100.00%,1,wesengrundes
100.00%,1,wesenheitsträchtig
100.00%,1,wesensglieder
100.00%,1,wesensgroß
100.00%,1,wesensschichten
100.00%,1,wesentlichendu
100.00%,1,whrlich
100.00%,1,wickeln
100.00%,1,widdergehörnten
100.00%,1,widerspiegelnd
100.00%,1,widerstandslosigkeit
100.00%,1,wiederentzünden
100.00%,1,wiederfindet
100.00%,1,wiedergeöffnete
100.00%,1,wiedergeschenkte
100.00%,1,wiedergeschenkten
100.00%,1,wiedergewölbte
100.00%,1,wiederstrahle
100.00%,1,wiedervertraute
100.00%,1,wiederverwandlung
100.00%,1,wiederzersplitterte
100.00%,1,wiesest
100.00%,1,wildeste
100.00%,1,willentlich
100.00%,1,willstbedenke
100.00%,1,wirklichkeitsbereit
100.00%,1,wirklichkeitserfüllung
100.00%,1,wirklichkeitsgelingens
100.00%,1,wirklichkeitsnacktheit
100.00%,1,wirrdunkle
100.00%,1,wissender
100.00%,1,wohins
100.00%,1,wohlgefällig
100.00%,1,wohnet
100.00%,1,wortgebilden
100.00%,1,worttragenden
100.00%,1,wunderempfangend
100.00%,1,wünschenswerte
100.00%,1,wurzelursprunges
100.00%,1,zählbaren
100.00%,1,zärtliche
100.00%,1,zauderndes
100.00%,1,zehnfach
100.00%,1,zeitdunkelheit
100.00%,1,zeitenaufhebung
100.00%,1,zeitengeschlecht
100.00%,1,zeitpunkt
100.00%,1,zeitverachtend
100.00%,1,zerkrümelndem
100.00%,1,zerkrümelt
100.00%,1,zerrieb
100.00%,1,zertrümmernd
100.00%,1,ziehgang
100.00%,1,zielgerichteter
100.00%,1,zielhaft
100.00%,1,zuckt
100.00%,1,zufälliger
100.00%,1,zufallsaufhebend
100.00%,1,zufallsbefreit
100.00%,1,zufallsenthebende
100.00%,1,zufallsentlöst
100.00%,1,zufallslosen
100.00%,1,zufallsunzucht
100.00%,1,zufallsverlöschen
100.00%,1,zufloß
100.00%,1,zufrüh
100.00%,1,zugesteuert
100.00%,1,zukunftsbild
100.00%,1,zukunftsform
100.00%,1,zulässige
100.00%,1,zuneigen
100.00%,1,zurückblickt
100.00%,1,zurückfalle
100.00%,1,zurückfallen
100.00%,1,zurückflüchten
100.00%,1,zurückgetrieben
100.00%,1,zurücklies
100.00%,1,zurückschrecken
100.00%,1,zurückstehlen
100.00%,1,zusammenschließen
100.00%,1,zusammenschlusses
100.00%,1,zuspät
100.00%,1,zusteht
100.00%,1,zweitausendjähriger
83.33%,5,geschlecht
83.33%,5,werdende
80.00%,8,schichte
80.00%,4,bangen
80.00%,4,festgebannt
80.00%,4,strafe
80.00%,4,träumende
75.00%,3,birgt
75.00%,3,fluch
75.00%,3,folgend
75.00%,3,gehetzt
75.00%,3,grashalm
75.00%,3,hilflosigkeit
75.00%,3,kalt
75.00%,3,lehne
75.00%,3,schiedkraft
75.00%,3,urform
75.00%,3,wurzelabgrund
71.43%,5,bedrohung
71.43%,5,kerker
66.67%,4,sünde
66.67%,4,unabänderliche
66.67%,4,verdammt
66.67%,2,aufruft
66.67%,2,brüste
66.67%,2,durchgerungen
66.67%,2,endloser
66.67%,2,entsprossen
66.67%,2,erkennst
66.67%,2,erschaffene
66.67%,2,gedachte
66.67%,2,geleert
66.67%,2,grabe
66.67%,2,halt
66.67%,2,handgreiflichen
66.67%,2,herabsteigen
66.67%,2,hörst
66.67%,2,lande
66.67%,2,landmann
66.67%,2,lastete
66.67%,2,leide
66.67%,2,nachthöhle
66.67%,2,offenbarte
66.67%,2,öffnet
66.67%,2,rauh
66.67%,2,rufend
66.67%,2,schönheitsspieles
66.67%,2,sibyllische
66.67%,2,stockte
66.67%,2,sühne
66.67%,2,takte
66.67%,2,titan
66.67%,2,tote
66.67%,2,trauernd
66.67%,2,trüge
66.67%,2,übermannt
66.67%,2,unabgeschlossen
66.67%,2,unausgesetzt
66.67%,2,ungöttlich
66.67%,2,vereinzelt
66.67%,2,verhängte
66.67%,2,vorbestimmt
66.67%,2,weibes
66.67%,2,werdens
66.67%,2,wiedererkennens
66.67%,2,zurückgezwungen
66.67%,2,zwietracht
65.85%,27,zufall
60.00%,9,abgeschieden
60.00%,9,bloßen
60.00%,3,auflehnung
60.00%,3,gefügt
60.00%,3,geweitet
60.00%,3,lacht
60.00%,3,pflichterfüllung
60.00%,3,titanen
60.00%,3,todesbereitschaft
60.00%,3,überirdisch
60.00%,3,wiederpreisgegeben
58.33%,7,entsetzen
57.78%,26,form
57.14%,4,bereitschaft
57.14%,4,stärkere
57.14%,4,ungetanen
55.56%,5,wußten
53.33%,8,sterblich
52.38%,11,traume
50.00%,5,beschieden
50.00%,5,fuhren
50.00%,4,ahnt
50.00%,4,blume
50.00%,4,golden
50.00%,4,neige
50.00%,4,schreckens
50.00%,3,ablehnung
50.00%,3,auferlegt
50.00%,3,ekloge
50.00%,3,entschwunden
50.00%,3,erster
50.00%,3,gehorsam
50.00%,3,geschöpflichkeit
50.00%,3,hört
50.00%,3,jupiter
50.00%,3,nackter
50.00%,3,quell
50.00%,3,schlafe
50.00%,3,unentrinnbarkeit
50.00%,3,unvermeidlich
50.00%,3,verirrt
50.00%,3,versteinerung
50.00%,3,vollzogen
50.00%,3,zufalls
50.00%,3,zusammenhang
50.00%,2,bösen
50.00%,2,einfachheit
50.00%,2,enkel
50.00%,2,entfalten
50.00%,2,entläßt
50.00%,2,erkennens
50.00%,2,errufen
50.00%,2,fahlheit
50.00%,2,fortsetzen
50.00%,2,freiwillig
50.00%,2,geltung
50.00%,2,geschenkt
50.00%,2,hauchlos
50.00%,2,hingebreiteten
50.00%,2,kindschaft
50.00%,2,kristallenen
50.00%,2,lebenden
50.00%,2,liede
50.00%,2,lies
50.00%,2,platons
50.00%,2,ruhendes
50.00%,2,schattenlos
50.00%,2,schwingen
50.00%,2,selbstvernichtung
50.00%,2,stab
50.00%,2,strömen
50.00%,2,tauchen
50.00%,2,tor
50.00%,2,traumgewölbe
50.00%,2,traumhaft
50.00%,2,traumlos
50.00%,2,träumte
50.00%,2,überschattet
50.00%,2,überunerfaßliche
50.00%,2,unabweislichen
50.00%,2,unauffindbare
50.00%,2,unbewältigten
50.00%,2,unentrinnbaren
50.00%,2,unerreichbarkeit
50.00%,2,unfortsetzbar
50.00%,2,verbindung
50.00%,2,verwobenheit
50.00%,2,wahn
50.00%,2,wen
50.00%,2,wiederhole
50.00%,2,winterlich
50.00%,2,zeugung
50.00%,2,zielt
50.00%,1,abgebogen
50.00%,1,abgeschattet
50.00%,1,abgeschnitten
50.00%,1,abgrundtiefe
50.00%,1,abläuft
50.00%,1,absturzes
50.00%,1,ächzen
50.00%,1,ahnende
50.00%,1,altar
50.00%,1,andeutung
50.00%,1,aneinandergereiht
50.00%,1,angefallen
50.00%,1,angefangen
50.00%,1,anzutreten
50.00%,1,aufdecken
50.00%,1,aufdeckung
50.00%,1,auffordern
50.00%,1,aufgeben
50.00%,1,aufgerichteten
50.00%,1,aufgesprungen
50.00%,1,auflehnt
50.00%,1,aufnimmt
50.00%,1,aufschlägt
50.00%,1,aufseufzend
50.00%,1,aufstrahlend
50.00%,1,auftaucht
50.00%,1,augenblickes
50.00%,1,auserwählt
50.00%,1,ausgeschieden
50.00%,1,ausreicht
50.00%,1,aussage
50.00%,1,bann
50.00%,1,baumes
50.00%,1,bauwerk
50.00%,1,befruchtet
50.00%,1,behausung
50.00%,1,bellend
50.00%,1,belustigte
50.00%,1,bemächtigt
50.00%,1,bemühungen
50.00%,1,bereicherung
50.00%,1,bereiten
50.00%,1,bereitet
50.00%,1,beschützt
50.00%,1,bettdecke
50.00%,1,bewogen
50.00%,1,blätter
50.00%,1,blättern
50.00%,1,blöße
50.00%,1,boten
50.00%,1,brechen
50.00%,1,brundisiums
50.00%,1,carmentis
50.00%,1,dahindämmerns
50.00%,1,dämonen
50.00%,1,dereinst
50.00%,1,derer
50.00%,1,diesseitig
50.00%,1,diesseitiger
50.00%,1,diesseitigkeit
50.00%,1,dinglichkeit
50.00%,1,donnernden
50.00%,1,dreileibig
50.00%,1,dröhnend
50.00%,1,dunkelheiten
50.00%,1,durchdringen
50.00%,1,ebenbild
50.00%,1,eingereiht
50.00%,1,einmalig
50.00%,1,einmaligkeit
50.00%,1,einschließen
50.00%,1,einverliebt
50.00%,1,einzelding
50.00%,1,endlose
50.00%,1,enger
50.00%,1,entblößung
50.00%,1,entgegnung
50.00%,1,entgehen
50.00%,1,entgöttlichten
50.00%,1,entlöste
50.00%,1,entrüstung
50.00%,1,entsandt
50.00%,1,entschieden
50.00%,1,entsetzter
50.00%,1,entsteht
50.00%,1,entwickelte
50.00%,1,entwinden
50.00%,1,entzücken
50.00%,1,entzündet
50.00%,1,erkenntniserneuerung
50.00%,1,erkenntnisverachtenden
50.00%,1,erkenntnisverlustes
50.00%,1,erlischt
50.00%,1,erlösen
50.00%,1,erniedrigen
50.00%,1,ernüchterung
50.00%,1,errichtung
50.00%,1,ersehnt
50.00%,1,erstrahlend
50.00%,1,erwachens
50.00%,1,erwachensbereitschaft
50.00%,1,erweitern
50.00%,1,erwiderung
50.00%,1,erzeugung
50.00%,1,fahnden
50.00%,1,fährt
50.00%,1,fama
50.00%,1,fänge
50.00%,1,federstrichlandschaft
50.00%,1,feier
50.00%,1,fell
50.00%,1,flache
50.00%,1,flüchten
50.00%,1,flüchtig
50.00%,1,flüchtiges
50.00%,1,fluß
50.00%,1,flüsternd
50.00%,1,flüsterten
50.00%,1,formenbefreite
50.00%,1,formten
50.00%,1,fortgeschickt
50.00%,1,freiem
50.00%,1,fremdeste
50.00%,1,freundes
50.00%,1,fruchtlos
50.00%,1,frühere
50.00%,1,führe
50.00%,1,führergebärde
50.00%,1,fürchterliche
50.00%,1,fürchterliches
50.00%,1,fußes
50.00%,1,gabst
50.00%,1,gebärende
50.00%,1,gebietet
50.00%,1,gebraucht
50.00%,1,geheimen
50.00%,1,gehetzter
50.00%,1,gehorchen
50.00%,1,gehorchend
50.00%,1,gehorcht
50.00%,1,gehörend
50.00%,1,geistiger
50.00%,1,gekrümmten
50.00%,1,gelages
50.00%,1,gemein
50.00%,1,geoffenbarte
50.00%,1,geöffnetes
50.00%,1,gerechnet
50.00%,1,gerufene
50.00%,1,gesandt
50.00%,1,geschehnis
50.00%,1,gesetzlichkeit
50.00%,1,gesinnung
50.00%,1,gespeist
50.00%,1,gestaltenstarr
50.00%,1,gestellte
50.00%,1,getanzt
50.00%,1,gewißheit
50.00%,1,geworfen
50.00%,1,glastes
50.00%,1,gleichbleibenden
50.00%,1,gleiche
50.00%,1,gleicherweis
50.00%,1,gleichnishaft
50.00%,1,gleichniskraft
50.00%,1,glückt
50.00%,1,goldenem
50.00%,1,goldschimmernd
50.00%,1,götterspiel
50.00%,1,grausen
50.00%,1,günstig
50.00%,1,haaren
50.00%,1,haltbar
50.00%,1,harrende
50.00%,1,hauchen
50.00%,1,hauchende
50.00%,1,hausmauer
50.00%,1,heiligkeit
50.00%,1,hierdurch
50.00%,1,hieße
50.00%,1,himmelseingeweide
50.00%,1,himmelsschale
50.00%,1,himmelsverborgenheiten
50.00%,1,hingabe
50.00%,1,hingeführt
50.00%,1,hinnehmen
50.00%,1,hinzunehmen
50.00%,1,hockte
50.00%,1,höhnend
50.00%,1,höhnischen
50.00%,1,hörbar
50.00%,1,hörnerne
50.00%,1,innig
50.00%,1,innigkeit
50.00%,1,irgendeines
50.00%,1,jammer
50.00%,1,japsend
50.00%,1,jungfrau
50.00%,1,kiefer
50.00%,1,klagen
50.00%,1,komme
50.00%,1,korn
50.00%,1,kräftigen
50.00%,1,kreuzungspunkt
50.00%,1,lähmend
50.00%,1,ländlichen
50.00%,1,latinischen
50.00%,1,lebender
50.00%,1,lebendigen
50.00%,1,leuchte
50.00%,1,liebenswürdige
50.00%,1,liebeswirklichkeit
50.00%,1,lippe
50.00%,1,lodernden
50.00%,1,lorbeerblatt
50.00%,1,lustig
50.00%,1,mahnung
50.00%,1,markte
50.00%,1,mäuler
50.00%,1,meeresstrand
50.00%,1,meineidigen
50.00%,1,menschendickicht
50.00%,1,menschenherden
50.00%,1,menschlichste
50.00%,1,mißleitung
50.00%,1,mitleid
50.00%,1,muttergöttin
50.00%,1,nachtgefährte
50.00%,1,nachtwelt
50.00%,1,nämliches
50.00%,1,neuschaffung
50.00%,1,nichterkenntnis
50.00%,1,nichtsein
50.00%,1,niedergeworfen
50.00%,1,nochmaligen
50.00%,1,nymphe
50.00%,1,offenbarend
50.00%,1,pflichtvergessen
50.00%,1,quäkend
50.00%,1,rasselte
50.00%,1,rätsel
50.00%,1,raumlos
50.00%,1,raumlosen
50.00%,1,raumlosigkeit
50.00%,1,rausche
50.00%,1,richterspruch
50.00%,1,richtungslosigkeit
50.00%,1,riesiger
50.00%,1,rührt
50.00%,1,saturnisches
50.00%,1,satzung
50.00%,1,schamvolle
50.00%,1,schattenhafte
50.00%,1,schauderte
50.00%,1,scheidung
50.00%,1,schillernd
50.00%,1,schlangendurchwachsen
50.00%,1,schlangenringen
50.00%,1,schmerzende
50.00%,1,schmiegte
50.00%,1,schnarchend
50.00%,1,schnaubte
50.00%,1,schöpfer
50.00%,1,schöpfungsbereitschaft
50.00%,1,schöpfungswelt
50.00%,1,schöpfungswerk
50.00%,1,schreiber
50.00%,1,schwang
50.00%,1,schweigst
50.00%,1,schwur
50.00%,1,sehnen
50.00%,1,selbstverständlich
50.00%,1,siebenfarbene
50.00%,1,sinnend
50.00%,1,sinnerfülltheit
50.00%,1,solcherweise
50.00%,1,sondernd
50.00%,1,spielerischen
50.00%,1,spreche
50.00%,1,sprengend
50.00%,1,stank
50.00%,1,stattgehabt
50.00%,1,steifer
50.00%,1,stellt
50.00%,1,stiftend
50.00%,1,stimmenlösend
50.00%,1,stimmenschließend
50.00%,1,stocke
50.00%,1,strahlenwurzeln
50.00%,1,strömenden
50.00%,1,stünde
50.00%,1,südwestlichen
50.00%,1,sühnopfer
50.00%,1,süßen
50.00%,1,tageshelle
50.00%,1,täuschte
50.00%,1,teilzuhaben
50.00%,1,thronenden
50.00%,1,tonlos
50.00%,1,träge
50.00%,1,trägern
50.00%,1,tränke
50.00%,1,traumwissen
50.00%,1,trocken
50.00%,1,trügerische
50.00%,1,tugend
50.00%,1,übels
50.00%,1,übersetzt
50.00%,1,überwältigt
50.00%,1,überwölbt
50.00%,1,umfassend
50.00%,1,umkehrungsweg
50.00%,1,umständlichen
50.00%,1,unabänderlichen
50.00%,1,unabsehbar
50.00%,1,unaufgeschrieben
50.00%,1,unausdrückbare
50.00%,1,unberührbar
50.00%,1,unbeständig
50.00%,1,unbewegtes
50.00%,1,uneingedenk
50.00%,1,unendlichsten
50.00%,1,unentdeckbar
50.00%,1,unentrinnbarer
50.00%,1,ungeborener
50.00%,1,ungeformten
50.00%,1,ungeliebte
50.00%,1,ungetanes
50.00%,1,unheilschwanger
50.00%,1,unheilsweges
50.00%,1,unhimmels
50.00%,1,unirdischen
50.00%,1,unsein
50.00%,1,unterscheiden
50.00%,1,untertierhaft
50.00%,1,unüberschreitbaren
50.00%,1,unvergeßbar
50.00%,1,unwiederbringliche
50.00%,1,urdom
50.00%,1,urgetöse
50.00%,1,verbanden
50.00%,1,verbracht
50.00%,1,verehrten
50.00%,1,vereinen
50.00%,1,vereinige
50.00%,1,vergänglichkeit
50.00%,1,vergewissern
50.00%,1,vergrößernd
50.00%,1,verkreuzungspunkt
50.00%,1,verkündenden
50.00%,1,verlaufe
50.00%,1,verlierend
50.00%,1,verluste
50.00%,1,verschlungen
50.00%,1,verschmolzenheit
50.00%,1,verschwimmende
50.00%,1,verschwisterung
50.00%,1,verstärkt
50.00%,1,verstockt
50.00%,1,verstorben
50.00%,1,verstrickung
50.00%,1,verwaist
50.00%,1,verwob
50.00%,1,verworfenen
50.00%,1,verworfener
50.00%,1,verworfenheit
50.00%,1,verwünschungen
50.00%,1,verzehrt
50.00%,1,verzichtend
50.00%,1,vollbringt
50.00%,1,vorerschaffenheit
50.00%,1,vorgeschrieben
50.00%,1,vorgeschritten
50.00%,1,vorlesen
50.00%,1,vorschöpferische
50.00%,1,vorwärtsstreben
50.00%,1,wachend
50.00%,1,wagnis
50.00%,1,wahngebilde
50.00%,1,weggejagt
50.00%,1,weinen
50.00%,1,weisende
50.00%,1,weißer
50.00%,1,weisung
50.00%,1,weitertragend
50.00%,1,weltliche
50.00%,1,wiederaufleben
50.00%,1,wirds
50.00%,1,wirkend
50.00%,1,wissensgrund
50.00%,1,wohnte
50.00%,1,wortgebilde
50.00%,1,wurzel
50.00%,1,wurzeltiefe
50.00%,1,wüßtest
50.00%,1,wütenden
50.00%,1,zeitnichts
50.00%,1,zeitweise
50.00%,1,zerfällt
50.00%,1,ziehend
50.00%,1,zulässig
50.00%,1,zurückgetragen
50.00%,1,zurückrief
50.00%,1,zurückziehen
50.00%,1,zwiefarbenen
50.00%,1,zwillingsbruder
50.00%,1,zwingender
48.48%,16,heimkehr
46.15%,6,zweig
44.44%,4,dienend
44.44%,4,gewandelt
44.44%,4,hält
42.86%,3,abstieg
42.86%,3,aufnehmend
42.86%,3,bedroht
42.86%,3,lieben
42.86%,3,starrte
42.86%,3,tröstlich
42.86%,3,unerforschlichen
42.86%,3,unkeuschheit
42.86%,3,vernahm
42.86%,3,vollen
41.67%,5,gestrüpp
41.67%,5,kreislauf
41.18%,7,scham
40.00%,8,wunder
40.00%,6,gezwungen
40.00%,6,stärker
40.00%,4,indem
40.00%,4,reihe
40.00%,4,schuld
40.00%,4,schuldig
40.00%,4,sohn
40.00%,4,unvergänglich
40.00%,4,verschwindend
40.00%,2,ausgestattet
40.00%,2,bebenden
40.00%,2,bitten
40.00%,2,dachte
40.00%,2,erschöpft
40.00%,2,euander
40.00%,2,fortschicken
40.00%,2,geahnt
40.00%,2,gebärend
40.00%,2,gelebt
40.00%,2,genötigt
40.00%,2,glückhaft
40.00%,2,griff
40.00%,2,hinüber
40.00%,2,ketten
40.00%,2,mannigfaltigkeit
40.00%,2,riß
40.00%,2,singend
40.00%,2,spaß
40.00%,2,umschließt
40.00%,2,unterscheidung
40.00%,2,urahn
40.00%,2,vereinigen
40.00%,2,vergehenden
40.00%,2,verlassenheit
40.00%,2,vollkommenen
40.00%,2,waise
40.00%,2,weiten
40.00%,2,zusammenschluß
38.89%,7,göttliche
38.64%,17,gott
38.30%,18,traum
37.50%,6,eingebettet
37.50%,3,ehren
37.50%,3,eingeschmiegt
37.50%,3,erreichbar
37.50%,3,ferner
37.50%,3,flog
37.50%,3,ichs
37.50%,3,kühle
37.50%,3,namenlosen
37.50%,3,schulter
37.50%,3,strömte
37.14%,13,herz
37.14%,13,traumes
36.36%,4,ewiglich
36.36%,4,kreis
36.36%,4,rund
36.36%,4,unheils
35.71%,5,geheimnis
35.71%,5,strahlung
35.71%,5,ungeachtet
35.29%,6,gewölbe
34.38%,11,zukunft
33.33%,13,vater
33.33%,8,suchen
33.33%,6,tragen
33.33%,5,verlustig
33.33%,4,einschließend
33.33%,4,furcht
33.33%,4,herrschaft
33.33%,4,unsterblichkeit
33.33%,3,bauern
33.33%,3,berühren
33.33%,3,engel
33.33%,3,entkleidet
33.33%,3,erweckung
33.33%,3,gäbe
33.33%,3,künftige
33.33%,3,liebend
33.33%,3,maro
33.33%,3,publius
33.33%,3,schweigend
33.33%,3,siehe
33.33%,3,toten
33.33%,3,tragend
33.33%,3,versammelt
33.33%,3,welten
33.33%,2,ans
33.33%,2,bedingt
33.33%,2,belassen
33.33%,2,blicken
33.33%,2,denkbar
33.33%,2,dünn
33.33%,2,eide
33.33%,2,entsetzens
33.33%,2,erneuert
33.33%,2,erspähen
33.33%,2,fliehend
33.33%,2,geschieden
33.33%,2,gotte
33.33%,2,hierin
33.33%,2,inhalt
33.33%,2,liebenden
33.33%,2,nachher
33.33%,2,obzwar
33.33%,2,schoß
33.33%,2,schwere
33.33%,2,sterblicher
33.33%,2,trage
33.33%,2,trifft
33.33%,2,überschritten
33.33%,2,unerrufbar
33.33%,2,unheimlich
33.33%,2,ununterscheidbaren
33.33%,2,verblaßt
33.33%,2,vereinigung
33.33%,2,vernehmen
33.33%,2,vieh
33.33%,2,wächst
33.33%,2,wartenden
33.33%,2,weiteren
33.33%,2,willig
33.33%,2,zerreißen
33.33%,2,zeus
33.33%,1,abermals
33.33%,1,abstreifen
33.33%,1,allerkenntnis
33.33%,1,allesgebietenden
33.33%,1,alters
33.33%,1,anderem
33.33%,1,angekündigt
33.33%,1,anhebt
33.33%,1,anmaßen
33.33%,1,anschwellend
33.33%,1,ast
33.33%,1,äthers
33.33%,1,atlas
33.33%,1,aufeinander
33.33%,1,aufgestiegen
33.33%,1,ausgeht
33.33%,1,ausweglosen
33.33%,1,barke
33.33%,1,bat
33.33%,1,bedächtig
33.33%,1,befiehlst
33.33%,1,beginnt
33.33%,1,beleuchtung
33.33%,1,bellende
33.33%,1,berauscht
33.33%,1,bereiches
33.33%,1,bergen
33.33%,1,bergend
33.33%,1,besäumt
33.33%,1,bestätigte
33.33%,1,bestimmte
33.33%,1,bewältigung
33.33%,1,bildes
33.33%,1,blitz
33.33%,1,dämmerigen
33.33%,1,de
33.33%,1,demnach
33.33%,1,dido
33.33%,1,diesseits
33.33%,1,ebenmaßes
33.33%,1,ecke
33.33%,1,eidbrüchig
33.33%,1,eindringen
33.33%,1,eingeborene
33.33%,1,eingeschüchtert
33.33%,1,eingetreten
33.33%,1,eitlen
33.33%,1,empfängt
33.33%,1,enthüllen
33.33%,1,enthüllend
33.33%,1,entsetzensvoll
33.33%,1,erlösung
33.33%,1,ernüchterte
33.33%,1,erschwieg
33.33%,1,fertigstellung
33.33%,1,fordernd
33.33%,1,formt
33.33%,1,frucht
33.33%,1,frühlingshaft
33.33%,1,geäst
33.33%,1,gebärde
33.33%,1,gebüsch
33.33%,1,gefahren
33.33%,1,gefährt
33.33%,1,gefährten
33.33%,1,gefesselt
33.33%,1,geflügelte
33.33%,1,gehandelt
33.33%,1,geheimnisvolle
33.33%,1,gehst
33.33%,1,geliebter
33.33%,1,gemeinsamer
33.33%,1,gereiht
33.33%,1,geschmiedet
33.33%,1,geschwätz
33.33%,1,gestaltlose
33.33%,1,gewesenen
33.33%,1,glänzenden
33.33%,1,glaubten
33.33%,1,goldener
33.33%,1,hafenplatz
33.33%,1,hältst
33.33%,1,harrenden
33.33%,1,härtester
33.33%,1,hauchte
33.33%,1,heiliger
33.33%,1,heimkehren
33.33%,1,heiß
33.33%,1,heitere
33.33%,1,helfenden
33.33%,1,hergegeben
33.33%,1,herstammte
33.33%,1,hierfür
33.33%,1,hieria
33.33%,1,hilfsunfähigkeit
33.33%,1,himmelwärts
33.33%,1,hinabsteigt
33.33%,1,hinausgehalten
33.33%,1,hinausgehoben
33.33%,1,hoffnungslos
33.33%,1,höllischen
33.33%,1,horizontes
33.33%,1,immerwährender
33.33%,1,irgendeine
33.33%,1,jedwedem
33.33%,1,jenseitige
33.33%,1,jüngsten
33.33%,1,jupiters
33.33%,1,kalte
33.33%,1,kerzenlicht
33.33%,1,krone
33.33%,1,kuh
33.33%,1,kümmern
33.33%,1,lächelnder
33.33%,1,langsamen
33.33%,1,leerer
33.33%,1,leider
33.33%,1,liebte
33.33%,1,linie
33.33%,1,loses
33.33%,1,losgelöst
33.33%,1,mächte
33.33%,1,mahnend
33.33%,1,meineidige
33.33%,1,milden
33.33%,1,mischte
33.33%,1,mord
33.33%,1,münder
33.33%,1,nachahmung
33.33%,1,nachteinsamkeit
33.33%,1,nahen
33.33%,1,neuerdings
33.33%,1,ohnmacht
33.33%,1,ohnmächtig
33.33%,1,opferflamme
33.33%,1,opferung
33.33%,1,pöbel
33.33%,1,prometheische
33.33%,1,rasend
33.33%,1,rätselhaftigkeit
33.33%,1,räumen
33.33%,1,rechte
33.33%,1,rezitierte
33.33%,1,riesengestalt
33.33%,1,sanftheit
33.33%,1,sängers
33.33%,1,saturn
33.33%,1,schattenreich
33.33%,1,schäumen
33.33%,1,schimpf
33.33%,1,schlafen
33.33%,1,schließe
33.33%,1,schmal
33.33%,1,schmeckte
33.33%,1,schönes
33.33%,1,schwebender
33.33%,1,sehende
33.33%,1,selbstauslöschung
33.33%,1,selbstbetrug
33.33%,1,seltsame
33.33%,1,seufzen
33.33%,1,silbernen
33.33%,1,sinken
33.33%,1,sohne
33.33%,1,sphärengesanges
33.33%,1,spiegeln
33.33%,1,spiegelt
33.33%,1,steinerner
33.33%,1,stetem
33.33%,1,strahlende
33.33%,1,strenger
33.33%,1,strömend
33.33%,1,strömens
33.33%,1,suchenden
33.33%,1,süßer
33.33%,1,tagesgestirnes
33.33%,1,tierhaft
33.33%,1,treu
33.33%,1,tugendhaft
33.33%,1,übel
33.33%,1,überdeckten
33.33%,1,übertreffen
33.33%,1,unabwendbar
33.33%,1,unerforschliche
33.33%,1,unerkennbaren
33.33%,1,unerweckbar
33.33%,1,ungesungen
33.33%,1,unordnung
33.33%,1,unsäglicher
33.33%,1,unschöpfung
33.33%,1,unsichtbarer
33.33%,1,unsichtbares
33.33%,1,unsprengbar
33.33%,1,untat
33.33%,1,untereinander
33.33%,1,unterwerfen
33.33%,1,unveränderlich
33.33%,1,unwillig
33.33%,1,unzuchtsfrei
33.33%,1,unzulänglich
33.33%,1,urbildes
33.33%,1,urenkel
33.33%,1,urhumus
33.33%,1,urlehm
33.33%,1,urteil
33.33%,1,urwirklichkeit
33.33%,1,väterlich
33.33%,1,verblassen
33.33%,1,vergangene
33.33%,1,vergangenen
33.33%,1,vergeblich
33.33%,1,verkreuzungen
33.33%,1,verlorenes
33.33%,1,vernehmlicher
33.33%,1,verpflichtung
33.33%,1,versagen
33.33%,1,verschlossen
33.33%,1,verurteilt
33.33%,1,verzweifelten
33.33%,1,verzweigt
33.33%,1,vorn
33.33%,1,vorzeitig
33.33%,1,wacht
33.33%,1,wanderten
33.33%,1,wechselnd
33.33%,1,wechselte
33.33%,1,weithin
33.33%,1,wenige
33.33%,1,wesens
33.33%,1,widergespiegelt
33.33%,1,wiedereintauchens
33.33%,1,wiederpreisgegebenheit
33.33%,1,woher
33.33%,1,zauberin
33.33%,1,zufällige
33.33%,1,zuläßt
33.33%,1,zungen
33.33%,1,zurückbringen
33.33%,1,zurückkehrt
33.33%,1,zwielicht
32.50%,13,sprach
32.00%,8,trug
31.58%,6,gleichfalls
30.77%,8,letzter
30.77%,4,enthalten
30.77%,4,erstarrt
30.77%,4,schöne
30.77%,4,sobald
30.77%,4,stammt
30.77%,4,zuerst
30.43%,7,abgrund
30.00%,3,aufforderung
30.00%,3,begnadet
30.00%,3,bewegt
30.00%,3,derjenige
30.00%,3,lebt
30.00%,3,nackten
30.00%,3,punkt
30.00%,3,räume
30.00%,3,schrecken
30.00%,3,see
30.00%,3,sehe
30.00%,3,unmittelbarkeit
30.00%,3,verborgen
30.00%,3,warst
30.00%,3,wuchs
30.00%,3,wundersam
29.63%,8,vergangenheit
29.41%,5,beider
29.41%,5,böse
29.17%,7,ursprung
28.57%,8,bestimmt
28.57%,8,wiedergeburt
28.57%,4,eingesenkt
28.57%,4,furchtbar
28.57%,4,gemeinsamen
28.57%,4,notwendig
28.57%,4,pflanze
28.57%,4,vielfalt
28.57%,2,brände
28.57%,2,dringen
28.57%,2,einverleibt
28.57%,2,erniedrigt
28.57%,2,fließende
28.57%,2,gefährlich
28.57%,2,gelegt
28.57%,2,gerichteten
28.57%,2,gestürzt
28.57%,2,leuchtende
28.57%,2,richtete
28.57%,2,schicke
28.57%,2,schlafend
28.57%,2,schlichtheit
28.57%,2,schwebt
28.57%,2,schweigens
28.57%,2,sterbens
28.57%,2,strenge
28.57%,2,strich
28.57%,2,umschlossen
28.57%,2,vergessens
28.57%,2,verkerkerung
28.57%,2,versunken
28.57%,2,vertrautheit
28.57%,2,wiederholte
28.57%,2,zeitlosen
28.57%,2,zunge
28.00%,7,beides
28.00%,7,nehmen
28.00%,7,tier
27.78%,5,geburt
27.78%,5,lichtes
27.27%,6,immerdar
27.27%,3,gemacht
27.27%,3,hiedurch
27.27%,3,jenes
27.27%,3,unentrinnbar
27.27%,3,unsterblich
27.27%,3,vergilius
27.27%,3,wissens
26.67%,4,erkannt
26.67%,4,getrieben
26.67%,4,ruht
26.67%,4,verwehrt
26.67%,4,vorneherein
26.32%,5,gesucht
26.09%,6,unerreichbar
25.81%,8,außerhalb
25.81%,8,befehl
25.00%,7,nackt
25.00%,7,strom
25.00%,6,gleichzeitigkeit
25.00%,5,antlitz
25.00%,5,geboren
25.00%,5,rückkehr
25.00%,4,alexis
25.00%,4,ruf
25.00%,3,endes
25.00%,3,gelassen
25.00%,3,gerichtet
25.00%,3,göttlich
25.00%,3,jemals
25.00%,3,kristall
25.00%,3,suchend
25.00%,3,verflüchtigt
25.00%,3,verging
25.00%,3,verwandlung
25.00%,3,ziele
25.00%,2,ablauf
25.00%,2,bahn
25.00%,2,berge
25.00%,2,besteht
25.00%,2,ding
25.00%,2,einstigen
25.00%,2,erwachen
25.00%,2,fesseln
25.00%,2,fremdheit
25.00%,2,geschenk
25.00%,2,gesetzes
25.00%,2,hilflos
25.00%,2,holen
25.00%,2,jedwede
25.00%,2,kamst
25.00%,2,kinde
25.00%,2,kommend
25.00%,2,künftigen
25.00%,2,mannes
25.00%,2,menschenantlitz
25.00%,2,miteinander
25.00%,2,nüchtern
25.00%,2,rückte
25.00%,2,scheintodes
25.00%,2,später
25.00%,2,sphäre
25.00%,2,strahlen
25.00%,2,süße
25.00%,2,tönte
25.00%,2,verdoppelt
25.00%,2,verliehen
25.00%,2,verlöschen
25.00%,2,wille
25.00%,2,zeitlos
25.00%,2,zersprengung
25.00%,1,abgesandte
25.00%,1,adern
25.00%,1,andauerte
25.00%,1,antlitzes
25.00%,1,arg
25.00%,1,bahnen
25.00%,1,befehlend
25.00%,1,beginns
25.00%,1,begonnen
25.00%,1,begrüßung
25.00%,1,beigegeben
25.00%,1,bekam
25.00%,1,bestimmung
25.00%,1,breit
25.00%,1,dringlicher
25.00%,1,dringt
25.00%,1,durchbricht
25.00%,1,durchdringend
25.00%,1,durchdringt
25.00%,1,dus
25.00%,1,eindeutig
25.00%,1,eingeboren
25.00%,1,einkerkerung
25.00%,1,einstiger
25.00%,1,elfenbeinern
25.00%,1,empfing
25.00%,1,entblößt
25.00%,1,entstammt
25.00%,1,erhoben
25.00%,1,erkennenden
25.00%,1,erkenntnisgewebe
25.00%,1,erkenntnisse
25.00%,1,erschaubar
25.00%,1,erstes
25.00%,1,erweisen
25.00%,1,erzenen
25.00%,1,ewigwährende
25.00%,1,ewigwährenden
25.00%,1,ewigwährender
25.00%,1,fernste
25.00%,1,fester
25.00%,1,findest
25.00%,1,fließend
25.00%,1,flötenton
25.00%,1,flüsterte
25.00%,1,freie
25.00%,1,freien
25.00%,1,fühlst
25.00%,1,führend
25.00%,1,fürchten
25.00%,1,gebaut
25.00%,1,geduld
25.00%,1,gegenwärtig
25.00%,1,geheiligte
25.00%,1,gemeinsames
25.00%,1,gerieten
25.00%,1,geschähe
25.00%,1,geschleudert
25.00%,1,geschwängert
25.00%,1,glänzen
25.00%,1,glitzernd
25.00%,1,göttlichkeit
25.00%,1,greuel
25.00%,1,haar
25.00%,1,haltenden
25.00%,1,hauptes
25.00%,1,heimkehrend
25.00%,1,hiebei
25.00%,1,hierzu
25.00%,1,höheren
25.00%,1,kennst
25.00%,1,kinn
25.00%,1,künftiges
25.00%,1,langsamer
25.00%,1,las
25.00%,1,lebendige
25.00%,1,leeres
25.00%,1,lehren
25.00%,1,leichten
25.00%,1,leidensentlöst
25.00%,1,leises
25.00%,1,leuchtend
25.00%,1,liebender
25.00%,1,liedes
25.00%,1,linken
25.00%,1,lust
25.00%,1,machtvoll
25.00%,1,meineid
25.00%,1,menschentum
25.00%,1,menschheit
25.00%,1,milchstraße
25.00%,1,mütter
25.00%,1,mütterlich
25.00%,1,nachens
25.00%,1,nächste
25.00%,1,nackteste
25.00%,1,nichtgemeinschaft
25.00%,1,pracht
25.00%,1,preisgegebenheit
25.00%,1,rache
25.00%,1,richtungslose
25.00%,1,rieselnden
25.00%,1,rötlichen
25.00%,1,runden
25.00%,1,sacht
25.00%,1,schattenlosen
25.00%,1,scheinopfer
25.00%,1,scheinwirklichkeit
25.00%,1,scheitern
25.00%,1,schimmerten
25.00%,1,schimpfworte
25.00%,1,schlägt
25.00%,1,schlichten
25.00%,1,seekrankheit
25.00%,1,segen
25.00%,1,seienden
25.00%,1,seiten
25.00%,1,selbstpreisgabe
25.00%,1,sicher
25.00%,1,sichtbarunsichtbaren
25.00%,1,sitzen
25.00%,1,skorpionen
25.00%,1,sprießt
25.00%,1,stamm
25.00%,1,sterbend
25.00%,1,strome
25.00%,1,stürzen
25.00%,1,tastete
25.00%,1,tierheit
25.00%,1,traumgewölbes
25.00%,1,trieb
25.00%,1,überkommen
25.00%,1,übertäuben
25.00%,1,ulme
25.00%,1,umkehr
25.00%,1,unauffindbaren
25.00%,1,unbarmherzig
25.00%,1,unerfaßlichen
25.00%,1,unerforschlichkeit
25.00%,1,unerlauschbare
25.00%,1,unmerklich
25.00%,1,unraumes
25.00%,1,unsicher
25.00%,1,unsicherheit
25.00%,1,untertan
25.00%,1,unterworfen
25.00%,1,ununterscheidbarkeit
25.00%,1,unzureichend
25.00%,1,vereinzelungen
25.00%,1,vergänglich
25.00%,1,verhüllt
25.00%,1,verkündend
25.00%,1,vermischung
25.00%,1,verquickt
25.00%,1,verschafft
25.00%,1,verschattet
25.00%,1,verstummt
25.00%,1,vertrauten
25.00%,1,verwandeln
25.00%,1,verzweifelter
25.00%,1,vollkommener
25.00%,1,voran
25.00%,1,vorstellung
25.00%,1,wars
25.00%,1,weges
25.00%,1,wehen
25.00%,1,werdender
25.00%,1,werkzeug
25.00%,1,wich
25.00%,1,wissende
25.00%,1,wissenschaft
25.00%,1,wolltest
25.00%,1,zone
25.00%,1,zudem
25.00%,1,zufallsenthoben
25.00%,1,zugekehrt
25.00%,1,zukünftige
25.00%,1,zukünftigen
25.00%,1,zurücksinken
25.00%,1,zustimmung
25.00%,1,zwiesprache
24.72%,22,schöpfung
24.39%,10,unheil
24.32%,9,gesetz
24.24%,8,eingeschlossen
23.81%,5,solches
23.53%,4,erkannte
23.53%,4,erkennt
23.53%,4,geschehens
23.53%,4,geschieht
23.53%,4,keinem
23.53%,4,letztes
23.53%,4,neuer
23.33%,7,brust
23.08%,6,unbewegt
23.08%,3,anstrengung
23.08%,3,blut
23.08%,3,entfernung
23.08%,3,erinnert
23.08%,3,erkennend
23.08%,3,erstarrung
23.08%,3,jegliche
23.08%,3,jegliches
23.08%,3,leiser
22.92%,11,menschliche
22.73%,10,letzte
22.73%,10,warten
22.73%,5,gemeinschaft
22.22%,10,größer
22.22%,6,plotias
22.22%,6,unendliche
22.22%,4,liegen
22.22%,2,ausschließlich
22.22%,2,bruder
22.22%,2,einverwoben
22.22%,2,endgültigkeit
22.22%,2,entlöst
22.22%,2,erkenntnisaufgabe
22.22%,2,fall
22.22%,2,fernen
22.22%,2,gassen
22.22%,2,geheiß
22.22%,2,gewordene
22.22%,2,gleichen
22.22%,2,gräßlich
22.22%,2,hierher
22.22%,2,höhle
22.22%,2,hold
22.22%,2,klingen
22.22%,2,kristallene
22.22%,2,menschlicher
22.22%,2,öffnen
22.22%,2,orpheus
22.22%,2,ringes
22.22%,2,sanfte
22.22%,2,steinernen
22.22%,2,umschließend
22.22%,2,verfallen
22.22%,2,verheißung
22.22%,2,wahl
21.88%,7,göttern
21.74%,5,stufe
21.70%,23,plotia
21.69%,95,oh
21.62%,8,oberfläche
21.62%,8,zeigte
21.57%,11,ende
21.43%,3,gezeiten
21.43%,3,tatsächlich
21.43%,3,träger
21.43%,3,unbeweglich
21.43%,3,weisheit
21.05%,4,atmen
21.05%,4,geheimnisvoll
21.01%,29,uns
20.69%,12,jeder
20.69%,6,anderes
20.69%,6,stadt
20.59%,14,weg
20.48%,17,mensch
20.45%,9,erkennen
20.45%,9,tode
20.00%,15,seins
20.00%,8,einander
20.00%,5,erreicht
20.00%,5,unser
20.00%,5,zweite
20.00%,4,führer
20.00%,4,gnade
20.00%,4,heil
20.00%,4,musik
20.00%,4,unserer
20.00%,4,unsichtbare
20.00%,3,auftrag
20.00%,3,enttäuschung
20.00%,3,vereint
20.00%,3,vernichten
20.00%,2,besitzt
20.00%,2,eid
20.00%,2,eingang
20.00%,2,erstarrte
20.00%,2,fähig
20.00%,2,führen
20.00%,2,ganzes
20.00%,2,geborgenheit
20.00%,2,gemäß
20.00%,2,geschweige
20.00%,2,gestanden
20.00%,2,gleichend
20.00%,2,herde
20.00%,2,humus
20.00%,2,kissen
20.00%,2,machst
20.00%,2,pforte
20.00%,2,schale
20.00%,2,schweren
20.00%,2,sekunde
20.00%,2,singen
20.00%,2,unsäglich
20.00%,2,verboten
20.00%,2,werke
20.00%,1,abgelöst
20.00%,1,achtend
20.00%,1,ahnendes
20.00%,1,ahnte
20.00%,1,alledem
20.00%,1,allzeit
20.00%,1,alt
20.00%,1,angelangt
20.00%,1,anheimgegeben
20.00%,1,ärger
20.00%,1,aufhebend
20.00%,1,aufzuhalten
20.00%,1,ausgelöscht
20.00%,1,ausgestoßen
20.00%,1,befangen
20.00%,1,befreiung
20.00%,1,begehren
20.00%,1,begleitung
20.00%,1,begriff
20.00%,1,berufen
20.00%,1,beweisen
20.00%,1,denkens
20.00%,1,derentwillen
20.00%,1,drängte
20.00%,1,dringlichkeit
20.00%,1,dröhnte
20.00%,1,dünkte
20.00%,1,durften
20.00%,1,eidbruch
20.00%,1,eingeordnet
20.00%,1,einversenkt
20.00%,1,entfaltung
20.00%,1,entlassen
20.00%,1,entrang
20.00%,1,erkenne
20.00%,1,erker
20.00%,1,erklärung
20.00%,1,erkoren
20.00%,1,erlebt
20.00%,1,erloschenen
20.00%,1,eurydike
20.00%,1,feucht
20.00%,1,fließenden
20.00%,1,furchtbare
20.00%,1,furchtbarer
20.00%,1,gefäß
20.00%,1,geformt
20.00%,1,gegolten
20.00%,1,gelehrt
20.00%,1,gelenkt
20.00%,1,geschaffene
20.00%,1,gesetze
20.00%,1,gestade
20.00%,1,gestaltet
20.00%,1,gestorben
20.00%,1,gesundheit
20.00%,1,gewalten
20.00%,1,gezogen
20.00%,1,gipfel
20.00%,1,glatten
20.00%,1,grausam
20.00%,1,gültig
20.00%,1,hauche
20.00%,1,heimkunft
20.00%,1,himmlischen
20.00%,1,hinausreicht
20.00%,1,hinerstreckt
20.00%,1,körperlicher
20.00%,1,kristalls
20.00%,1,küche
20.00%,1,künstlers
20.00%,1,lachte
20.00%,1,lehm
20.00%,1,lehnte
20.00%,1,lesen
20.00%,1,linien
20.00%,1,lösung
20.00%,1,mannslachen
20.00%,1,mittel
20.00%,1,offenbart
20.00%,1,perlmuttern
20.00%,1,pflegte
20.00%,1,pollio
20.00%,1,rechten
20.00%,1,reinen
20.00%,1,schaffens
20.00%,1,schau
20.00%,1,schieren
20.00%,1,schiffen
20.00%,1,schlagen
20.00%,1,schreiben
20.00%,1,sicht
20.00%,1,spielte
20.00%,1,sprachen
20.00%,1,sprachst
20.00%,1,steigt
20.00%,1,teilnehmen
20.00%,1,testamentes
20.00%,1,tobte
20.00%,1,trachtete
20.00%,1,treiben
20.00%,1,tritt
20.00%,1,tuns
20.00%,1,überlegen
20.00%,1,überwinden
20.00%,1,umgab
20.00%,1,umschloß
20.00%,1,unabweislich
20.00%,1,unaufhaltsam
20.00%,1,unerfaßliche
20.00%,1,ungeheure
20.00%,1,ungetane
20.00%,1,unterweltlich
20.00%,1,urgrund
20.00%,1,verfließend
20.00%,1,verheißene
20.00%,1,verirrten
20.00%,1,verkündet
20.00%,1,vermessenheit
20.00%,1,verneinst
20.00%,1,versteckt
20.00%,1,versuchte
20.00%,1,vorbehalten
20.00%,1,vorgelesen
20.00%,1,vorhaben
20.00%,1,wanderung
20.00%,1,weib
20.00%,1,wende
20.00%,1,wendet
20.00%,1,wirklichkeitswahrheit
20.00%,1,wohnstatt
20.00%,1,zeitenablauf
20.00%,1,zugehörig
20.00%,1,zurückzukehren
19.67%,12,ewig
19.51%,16,müssen
19.51%,8,mutter
19.23%,5,kind
19.05%,4,wann
19.05%,4,zeitlosigkeit
18.92%,14,grenze
18.75%,3,athen
18.75%,3,denken
18.75%,3,deshalb
18.75%,3,einziger
18.75%,3,enthoben
18.75%,3,ewigen
18.75%,3,gemeinsam
18.75%,3,gib
18.52%,5,sphären
18.49%,22,bist
18.48%,17,namen
18.18%,4,heimat
18.18%,4,solchen
18.18%,2,drüben
18.18%,2,endgültige
18.18%,2,furchtbarkeit
18.18%,2,gast
18.18%,2,gesetzt
18.18%,2,hinein
18.18%,2,hohn
18.18%,2,pochen
18.18%,2,schimmerte
18.18%,2,schließen
18.18%,2,schwebende
18.18%,2,sollst
18.18%,2,tage
18.18%,2,urbild
18.18%,2,vernichtet
17.86%,5,ganzheit
17.86%,5,ruhend
17.65%,9,pflicht
17.65%,9,warum
17.65%,3,eingegangen
17.65%,3,gebrochen
17.65%,3,leib
17.65%,3,sternen
17.65%,3,trauer
17.54%,10,mag
17.50%,7,gleich
17.39%,16,seines
17.39%,4,näher
17.31%,9,keiner
17.31%,9,tiefe
17.24%,5,verloren
16.92%,22,trotzdem
16.67%,11,lachen
16.67%,10,geschehen
16.67%,4,geht
16.67%,3,dauer
16.67%,3,genommen
16.67%,3,gleichgültig
16.67%,3,goldenen
16.67%,3,solchem
16.67%,3,verhaftet
16.67%,3,vorher
16.67%,3,welch
16.67%,2,aufgetan
16.67%,2,erfassen
16.67%,2,erfüllen
16.67%,2,fernsten
16.67%,2,fremden
16.67%,2,gezweige
16.67%,2,heran
16.67%,2,jenem
16.67%,2,menschenseele
16.67%,2,munde
16.67%,2,nämlich
16.67%,2,nimmt
16.67%,2,schließt
16.67%,2,sprichst
16.67%,2,tages
16.67%,2,unverlierbar
16.67%,2,wesen
16.67%,2,zugeben
16.67%,1,alsogleich
16.67%,1,aneis
16.67%,1,asinius
16.67%,1,aufgesaugt
16.67%,1,aufstieg
16.67%,1,auseinander
16.67%,1,ausgeschlossen
16.67%,1,bilde
16.67%,1,breiten
16.67%,1,diesseitigen
16.67%,1,doppelten
16.67%,1,ebenmaß
16.67%,1,eh
16.67%,1,enthält
16.67%,1,entrinnen
16.67%,1,entrückt
16.67%,1,erlaubt
16.67%,1,erschien
16.67%,1,erschrecken
16.67%,1,erwiderte
16.67%,1,flamme
16.67%,1,fließen
16.67%,1,führte
16.67%,1,gebet
16.67%,1,gebreitet
16.67%,1,geglaubt
16.67%,1,genügen
16.67%,1,gesenkt
16.67%,1,gesprengt
16.67%,1,gewaltig
16.67%,1,gewärtig
16.67%,1,gewinnen
16.67%,1,gleicherweise
16.67%,1,göttlicher
16.67%,1,graue
16.67%,1,hernach
16.67%,1,hohen
16.67%,1,irgendwoher
16.67%,1,jedweden
16.67%,1,jung
16.67%,1,krieg
16.67%,1,löwen
16.67%,1,mittag
16.67%,1,namenlose
16.67%,1,nämlicher
16.67%,1,richtungen
16.67%,1,richtungslos
16.67%,1,ruhende
16.67%,1,schädel
16.67%,1,scheintod
16.67%,1,schlichte
16.67%,1,schweigenden
16.67%,1,seelen
16.67%,1,strahlte
16.67%,1,tiefste
16.67%,1,töne
16.67%,1,überheblichkeit
16.67%,1,umwendung
16.67%,1,unerfaßlich
16.67%,1,unerinnerung
16.67%,1,unerreichbare
16.67%,1,ungeborenheit
16.67%,1,ungebrochen
16.67%,1,unwandelbaren
16.67%,1,urbeginn
16.67%,1,väter
16.67%,1,verbundenheit
16.67%,1,verlorene
16.67%,1,vernehmlich
16.67%,1,voraus
16.67%,1,vorbei
16.67%,1,vorecho
16.67%,1,vorsichtig
16.67%,1,waage
16.67%,1,wachsender
16.67%,1,wissenden
16.67%,1,wölbte
16.67%,1,zitternden
16.67%,1,zufallsbrunst
16.67%,1,zweiter
16.36%,9,dürfen
16.36%,9,lag
16.22%,6,spiel
16.13%,5,wirst
16.06%,22,ihnen
16.00%,4,einsamkeit
16.00%,4,stummheit
15.91%,7,allem
15.85%,13,letzten
15.79%,3,abschied
15.79%,3,dorthin
15.79%,3,einzige
15.79%,3,gewalt
15.79%,3,herzens
15.79%,3,umfangen
15.74%,17,liebe
15.74%,17,tod
15.73%,42,vom
15.66%,52,selber
15.63%,15,seele
15.56%,7,erfüllt
15.52%,9,irdische
15.38%,4,hiezu
15.38%,2,bleibe
15.38%,2,empor
15.38%,2,gebannt
15.38%,2,gelten
15.38%,2,hinab
15.38%,2,jählings
15.38%,2,jeglichen
15.38%,2,kreatürlichen
15.38%,2,leer
15.38%,2,nimmer
15.38%,2,rande
15.38%,2,ungeduld
15.38%,2,zuletzt
15.31%,15,sprache
15.28%,33,gewesen
15.25%,9,auge
15.24%,16,allein
15.24%,55,ihn
15.22%,7,augenblick
15.22%,7,geblieben
15.15%,10,willen
15.15%,5,getragen
15.04%,71,zum
15.00%,6,keinen
15.00%,6,welcher
15.00%,3,drei
15.00%,3,philosophie
15.00%,3,wissend
15.00%,3,zwang
14.81%,12,licht
14.81%,4,deines
14.81%,4,durchsichtigkeit
14.81%,4,einstmals
14.60%,20,leben
14.58%,7,tun
14.29%,8,bleiben
14.29%,5,einst
14.29%,5,freiheit
14.29%,3,einstens
14.29%,3,gottes
14.29%,3,nacktheit
14.29%,3,stumm
14.29%,3,unverändert
14.29%,3,verlassen
14.29%,2,aufgerichtet
14.29%,2,bloße
14.29%,2,fand
14.29%,2,fremd
14.29%,2,geführt
14.29%,2,gelangen
14.29%,2,gemeinsame
14.29%,2,meines
14.29%,2,nächtlichen
14.29%,2,nahm
14.29%,2,nimm
14.29%,2,obschon
14.29%,2,trägt
14.29%,2,vorhof
14.29%,1,abgestorben
14.29%,1,abwehr
14.29%,1,anfanges
14.29%,1,bewußtsein
14.29%,1,bildern
14.29%,1,bogen
14.29%,1,brannten
14.29%,1,daraufhin
14.29%,1,drohend
14.29%,1,durchflutet
14.29%,1,echter
14.29%,1,eigenleben
14.29%,1,einzig
14.29%,1,erfaßt
14.29%,1,erhob
14.29%,1,fahl
14.29%,1,fiel
14.29%,1,folgten
14.29%,1,gasse
14.29%,1,gedächtnisses
14.29%,1,gehorchte
14.29%,1,getane
14.29%,1,größeren
14.29%,1,herrlichkeit
14.29%,1,hervor
14.29%,1,hiefür
14.29%,1,irresein
14.29%,1,jäh
14.29%,1,kälte
14.29%,1,kräfte
14.29%,1,künstlerische
14.29%,1,lauschenden
14.29%,1,manuskript
14.29%,1,neuem
14.29%,1,öffnete
14.29%,1,preisgegeben
14.29%,1,qual
14.29%,1,regionen
14.29%,1,ruder
14.29%,1,schienen
14.29%,1,schlafenden
14.29%,1,sichtbarkeit
14.29%,1,sohin
14.29%,1,spiele
14.29%,1,steten
14.29%,1,tieres
14.29%,1,übrig
14.29%,1,unmittelbaren
14.29%,1,verborgene
14.29%,1,vorne
14.29%,1,wachen
14.29%,1,wärest
14.29%,1,wärme
14.29%,1,wenden
14.29%,1,wiederholt
14.29%,1,zarte
14.29%,1,zorn
14.29%,1,zunehmenden
14.19%,21,dein
13.93%,111,im
13.92%,82,hatte
13.91%,32,ins
13.91%,16,dessen
13.89%,5,anfang
13.89%,5,keinerlei
13.89%,5,wiederum
13.87%,19,am
13.85%,18,ob
13.79%,4,geöffnet
13.79%,4,schwebte
13.64%,15,aller
13.64%,3,allesamt
13.64%,3,dunkel
13.64%,3,innerhalb
13.58%,11,obwohl
13.56%,8,hoffnung
13.48%,12,wo
13.43%,9,ihren
13.43%,9,stets
13.36%,31,seiner
13.33%,6,solcher
13.33%,4,fühlte
13.33%,2,absturz
13.33%,2,anbeginn
13.33%,2,emporgehoben
13.33%,2,gestalten
13.33%,2,gilt
13.33%,2,haus
13.33%,2,klarheit
13.33%,2,land
13.33%,2,los
13.33%,2,strahlend
13.33%,2,wortes
13.24%,29,selbst
13.16%,5,schritt
13.13%,34,wir
13.07%,20,nacht
13.04%,3,meinem
13.04%,3,schwebend
12.99%,10,diesem
12.96%,7,gestalt
12.96%,7,lebens
12.93%,38,immer
12.93%,19,dort
12.93%,19,wissen
12.90%,4,himmels
12.84%,66,ihm
12.82%,5,deinen
12.82%,5,flucht
12.80%,48,doch
12.70%,8,außen
12.63%,12,deren
12.57%,21,hier
12.50%,8,vermag
12.50%,5,großen
12.50%,4,nähe
12.50%,3,händen
12.50%,3,hineingehalten
12.50%,3,läßt
12.50%,2,erkenntnisgrund
12.50%,2,geöffneten
12.50%,2,heißt
12.50%,2,vollkommen
12.50%,2,wiederkehr
12.50%,2,zweiten
12.50%,1,ahnend
12.50%,1,atmete
12.50%,1,aufgerufen
12.50%,1,aufschreiben
12.50%,1,ausgebreitet
12.50%,1,bebend
12.50%,1,behalten
12.50%,1,bestellt
12.50%,1,brauchte
12.50%,1,brücken
12.50%,1,brunnen
12.50%,1,cebes
12.50%,1,dazwischen
12.50%,1,drohung
12.50%,1,drunten
12.50%,1,einzelne
12.50%,1,entgegen
12.50%,1,entziehen
12.50%,1,erwiesen
12.50%,1,findet
12.50%,1,frei
12.50%,1,fromm
12.50%,1,fülle
12.50%,1,gelingen
12.50%,1,geschlossen
12.50%,1,gespiegelt
12.50%,1,gestattet
12.50%,1,gewaltiger
12.50%,1,gleichzeitig
12.50%,1,goldene
12.50%,1,hell
12.50%,1,hing
12.50%,1,kehle
12.50%,1,knie
12.50%,1,kurze
12.50%,1,legte
12.50%,1,menschentums
12.50%,1,mund
12.50%,1,papier
12.50%,1,rief
12.50%,1,sang
12.50%,1,sieht
12.50%,1,soeben
12.50%,1,stehe
12.50%,1,stehend
12.50%,1,streng
12.50%,1,umfing
12.50%,1,unbekannten
12.50%,1,unendlicher
12.50%,1,verantwortung
12.50%,1,verbunden
12.50%,1,verschwinden
12.50%,1,versuch
12.50%,1,wachsamkeit
12.50%,1,wachsend
12.50%,1,wagen
12.50%,1,wandte
12.50%,1,weite
12.50%,1,welchem
12.50%,1,widerstand
12.50%,1,wiederholung
12.50%,1,wurzeln
12.50%,1,zögernd
12.35%,10,erinnerung
12.31%,8,zurück
12.30%,217,er
12.20%,5,sterben
12.17%,318,das
12.15%,277,in
12.12%,16,geworden
12.12%,8,gab
12.08%,36,ihr
12.04%,13,weiter
12.00%,9,wollte
12.00%,6,jenseits
12.00%,3,bereit
12.00%,3,schiff
12.00%,3,vorhanden
11.98%,23,schon
11.97%,14,sogar
11.94%,220,des
11.90%,5,sehen
11.86%,7,eigene
11.76%,8,andere
11.76%,4,stimmen
11.76%,2,decke
11.76%,2,desgleichen
11.76%,2,erwarten
11.76%,2,ewige
11.76%,2,freund
11.76%,2,galt
11.76%,2,kleiner
11.76%,2,lippen
11.76%,2,stieg
11.76%,2,unabänderlich
11.76%,2,weißt
11.73%,21,sind
11.68%,25,hat
11.62%,23,zeit
11.59%,8,wollen
11.59%,54,für
11.56%,127,ist
11.54%,131,von
11.54%,3,erste
11.49%,60,zur
11.48%,7,sklaven
11.43%,20,mich
11.36%,10,neue
11.36%,5,jedem
11.32%,6,leere
11.29%,7,hilfe
11.28%,52,sein
11.26%,17,kein
11.24%,10,sollte
11.19%,15,dennoch
11.19%,16,stimme
11.16%,24,seine
11.16%,27,ihrer
11.11%,6,gibt
11.11%,3,eigenes
11.11%,3,keines
11.11%,2,ahnen
11.11%,2,glauben
11.11%,2,meer
11.11%,2,ununterscheidbar
11.11%,1,anderer
11.11%,1,auslöschung
11.11%,1,befahl
11.11%,1,befohlen
11.11%,1,braucht
11.11%,1,darein
11.11%,1,einige
11.11%,1,endgültigen
11.11%,1,entscheiden
11.11%,1,entscheidung
11.11%,1,gebunden
11.11%,1,gefeit
11.11%,1,genuß
11.11%,1,gute
11.11%,1,gutes
11.11%,1,haupt
11.11%,1,hebt
11.11%,1,innewohnt
11.11%,1,irdischkeit
11.11%,1,jedweder
11.11%,1,jeglichem
11.11%,1,knapp
11.11%,1,lachend
11.11%,1,landschaften
11.11%,1,lang
11.11%,1,leerheit
11.11%,1,menschliches
11.11%,1,mühselig
11.11%,1,platzes
11.11%,1,rand
11.11%,1,rauschen
11.11%,1,rest
11.11%,1,schauen
11.11%,1,schwäche
11.11%,1,sowohl
11.11%,1,steif
11.11%,1,stellen
11.11%,1,umfaßt
11.11%,1,versagt
11.11%,1,vonstatten
11.11%,1,zurückkehren
11.06%,26,einer
11.04%,50,nur
11.02%,13,dann
10.96%,8,augen
10.96%,8,eigenen
10.91%,6,weit
10.86%,29,dir
10.84%,9,götter
10.81%,8,ach
10.81%,4,aufgabe
10.75%,10,bin
10.75%,10,wer
10.71%,3,finden
10.71%,3,gekommen
10.71%,3,klang
10.71%,3,schlaf
10.68%,99,als
10.64%,10,nein
10.64%,10,vielleicht
10.63%,37,wird
10.59%,9,kann
10.53%,2,bestehen
10.53%,2,erfüllung
10.53%,2,hieß
10.53%,2,name
10.53%,2,nennen
10.53%,2,tiere
10.53%,2,vertraut
10.53%,2,vielen
10.48%,24,durch
10.48%,11,mußte
10.47%,549,und
10.45%,7,erde
10.39%,24,dich
10.39%,8,ging
10.37%,14,bis
10.37%,159,den
10.34%,3,jeglicher
10.34%,148,dem
10.29%,7,hatten
10.29%,18,menschen
10.28%,493,der
10.26%,4,einzigen
10.26%,4,notwendigkeit
10.26%,4,todes
10.25%,57,mehr
10.23%,9,zugleich
10.17%,6,aufs
10.11%,55,aus
10.07%,29,denn
10.00%,7,tat
10.00%,4,durfte
10.00%,3,finger
10.00%,3,freunde
10.00%,3,spiegel
10.00%,3,zeiten
10.00%,2,erwartet
10.00%,2,fort
10.00%,2,gesang
10.00%,2,jeher
10.00%,2,nächtlich
10.00%,2,ring
10.00%,2,statt
10.00%,2,überall
10.00%,2,ufer
10.00%,2,zusammen
10.00%,1,abend
10.00%,1,aufgaben
10.00%,1,aufhebt
10.00%,1,außerdem
10.00%,1,berührt
10.00%,1,dank
10.00%,1,diesmal
10.00%,1,durchsichtiger
10.00%,1,eides
10.00%,1,erfahren
10.00%,1,erinnern
10.00%,1,erreichen
10.00%,1,fragen
10.00%,1,fügte
10.00%,1,gehörte
10.00%,1,gemeint
10.00%,1,glätte
10.00%,1,grau
10.00%,1,grausamkeit
10.00%,1,guten
10.00%,1,haß
10.00%,1,herden
10.00%,1,körperlich
10.00%,1,lauschend
10.00%,1,menschlich
10.00%,1,mittelpunkt
10.00%,1,mitten
10.00%,1,nichtvergeblichkeit
10.00%,1,schwarz
10.00%,1,schwärze
10.00%,1,setzen
10.00%,1,sterblichen
10.00%,1,überraschend
10.00%,1,unbekannt
10.00%,1,unerreichbaren
10.00%,1,vaters
10.00%,1,verpflichtet
10.00%,1,vordem
10.00%,1,zug
9.96%,48,da
9.94%,16,erkenntnis
9.92%,13,seinem
9.91%,77,noch
9.89%,9,ihrem
9.88%,8,gegen
9.85%,420,die
9.83%,17,ihre
9.80%,10,seinen
9.79%,23,sehr
9.76%,4,dichter
9.76%,4,zwar
9.73%,11,kaum
9.72%,7,soll
9.68%,54,um
9.68%,6,bleibt
9.68%,3,stelle
9.68%,3,wein
9.65%,127,sie
9.62%,5,beide
9.62%,5,jener
9.62%,5,ward
9.59%,7,hinter
9.57%,27,wieder
9.56%,13,haben
9.55%,184,war
9.54%,146,nicht
9.52%,6,kam
9.52%,6,raum
9.52%,4,hinaus
9.52%,2,äußersten
9.52%,2,bald
9.52%,2,bar
9.52%,2,jahre
9.52%,2,müßte
9.52%,2,sanft
9.52%,2,sinn
9.52%,2,vermochte
9.50%,64,auch
9.48%,169,zu
9.47%,150,sich
9.47%,32,vor
9.42%,13,all
9.38%,9,sondern
9.38%,3,desto
9.37%,86,du
9.30%,8,eben
9.30%,8,hand
9.28%,22,waren
9.23%,6,darum
9.20%,8,wußte
9.17%,11,irdischen
9.11%,54,auf
9.09%,4,irdisch
9.09%,2,endlos
9.09%,2,gegangen
9.09%,2,platz
9.09%,2,wachstum
9.09%,1,aufsteigend
9.09%,1,beginnen
9.09%,1,begleitet
9.09%,1,bleibend
9.09%,1,elendsgasse
9.09%,1,erkenntnistat
9.09%,1,ernst
9.09%,1,flut
9.09%,1,formen
9.09%,1,führung
9.09%,1,gedichtes
9.09%,1,gesichter
9.09%,1,glück
9.09%,1,heilbringer
9.09%,1,hinauf
9.09%,1,husten
9.09%,1,lager
9.09%,1,liebt
9.09%,1,nämlichen
9.09%,1,saturnischen
9.09%,1,ton
9.09%,1,überirdischen
9.09%,1,unraum
9.09%,1,unweigerlich
9.09%,1,vernehmbar
9.09%,1,vernichtung
9.09%,1,vorschöpfung
9.09%,1,wahre
9.09%,1,weich
9.09%,1,wies
9.09%,1,zuversicht
8.97%,13,keine
8.93%,5,gleichsam
8.93%,5,lassen
8.93%,5,sehnsucht
8.93%,5,weiß
8.90%,205,es
8.84%,63,wie
8.82%,12,diese
8.82%,12,dieses
8.82%,3,begann
8.80%,75,mit
8.70%,49,an
8.70%,4,jedoch
8.70%,2,anders
8.70%,2,gesehen
8.70%,2,grauen
8.70%,2,hörte
8.70%,2,rede
8.66%,29,aber
8.65%,9,deine
8.58%,20,ohne
8.57%,18,mir
8.57%,3,diesen
8.57%,3,ehe
8.57%,3,hauch
8.57%,3,unendlichkeit
8.54%,7,nochmals
8.47%,5,ziel
8.46%,11,eines
8.33%,13,wäre
8.33%,3,etwa
8.33%,2,hindurch
8.33%,2,hoch
8.33%,2,innersten
8.33%,2,jeden
8.33%,2,sagen
8.33%,1,anfangs
8.33%,1,begegnung
8.33%,1,bemühen
8.33%,1,bewegte
8.33%,1,festzuhalten
8.33%,1,gestirne
8.33%,1,glaube
8.33%,1,haut
8.33%,1,kreatürliche
8.33%,1,mauer
8.33%,1,meldete
8.33%,1,mußt
8.33%,1,nachen
8.33%,1,sinnbildes
8.33%,1,tränen
8.33%,1,ufern
8.33%,1,umkehrung
8.33%,1,unkunst
8.33%,1,verstand
8.33%,1,wahrscheinlich
8.33%,1,wirkung
8.33%,1,worten
8.33%,1,zumindest
8.26%,9,einmal
8.24%,7,sinnbild
8.16%,4,gar
8.16%,4,weder
8.15%,11,damit
8.14%,7,worden
8.11%,6,wahrheit
8.11%,6,werk
8.11%,3,dunkelheit
8.11%,3,mitte
8.09%,19,alles
8.08%,8,bei
8.07%,13,alle
8.07%,64,so
8.06%,32,nichts
8.04%,9,schönheit
8.00%,2,ahnung
8.00%,2,bilder
8.00%,2,durchsichtig
8.00%,2,göttlichen
8.00%,2,inmitten
8.00%,2,stehen
8.00%,2,still
8.00%,2,unfähig
7.95%,7,fast
7.94%,5,blick
7.94%,5,menschlichen
7.89%,6,werde
7.89%,3,echo
7.87%,7,können
7.87%,7,welche
7.85%,30,eine
7.84%,4,deiner
7.84%,4,unendlich
7.81%,5,innen
7.78%,7,äneis
7.76%,18,wenn
7.69%,4,beiden
7.69%,4,lächeln
7.69%,3,jede
7.69%,2,ganze
7.69%,1,echten
7.69%,1,entfaltet
7.69%,1,fingern
7.69%,1,gegenwart
7.69%,1,gehoben
7.69%,1,genügt
7.69%,1,getroffen
7.69%,1,halb
7.69%,1,herum
7.69%,1,höchst
7.69%,1,innern
7.69%,1,machte
7.69%,1,möchte
7.69%,1,nächte
7.69%,1,namens
7.69%,1,neu
7.69%,1,schlug
7.69%,1,spiegelnd
7.69%,1,stellte
7.69%,1,trost
7.69%,1,verlangt
7.68%,72,ein
7.63%,20,oder
7.61%,7,einheit
7.59%,6,je
7.59%,6,stand
7.58%,10,jetzt
7.55%,4,lysanias
7.52%,23,dies
7.50%,3,ersten
7.50%,3,hören
7.46%,15,augustus
7.46%,5,gedicht
7.41%,6,sklave
7.41%,4,allen
7.41%,4,worte
7.41%,2,boden
7.34%,8,niemals
7.32%,3,deinem
7.25%,5,knaben
7.24%,56,daß
7.18%,13,wirklichkeit
7.14%,4,indes
7.14%,3,daran
7.14%,2,endlich
7.14%,2,hände
7.14%,2,spürte
7.14%,2,sterne
7.14%,2,wahrhaft
7.14%,1,aufbewahrt
7.14%,1,bauer
7.14%,1,deutlich
7.14%,1,gefahr
7.14%,1,gesprochen
7.14%,1,gewußt
7.14%,1,halten
7.14%,1,irgendwo
7.14%,1,künstler
7.14%,1,neuerlich
7.14%,1,raume
7.14%,1,samt
7.14%,1,schönen
7.14%,1,spüren
7.14%,1,umgeben
7.14%,1,unermeßlich
7.14%,1,zog
7.12%,19,ja
7.09%,10,mein
7.08%,8,muß
7.06%,6,kunst
6.99%,16,was
6.98%,3,ebenso
6.98%,3,ferne
6.90%,2,darin
6.90%,2,milde
6.90%,2,minder
6.83%,22,werden
6.75%,22,wurde
6.67%,5,dichtung
6.67%,3,himmel
6.67%,3,steht
6.67%,2,wunsch
6.67%,1,alten
6.67%,1,bereich
6.67%,1,dahinter
6.67%,1,endgültig
6.67%,1,fieber
6.67%,1,helle
6.67%,1,kamen
6.67%,1,meere
6.67%,1,mögen
6.67%,1,regungslos
6.67%,1,schiffe
6.67%,1,setzte
6.67%,1,wirkliche
6.67%,1,zerknirschung
6.59%,6,welt
6.52%,3,wirklich
6.45%,4,erst
6.45%,2,äneas
6.45%,2,blindheit
6.45%,2,eigentlich
6.45%,2,grenzen
6.45%,2,lauschen
6.45%,2,sichtbar
6.45%,2,trotz
6.45%,2,viele
6.43%,9,cäsar
6.33%,20,über
6.30%,49,ich
6.25%,5,recht
6.25%,3,wort
6.25%,2,ab
6.25%,2,schweigen
6.25%,1,ausdruck
6.25%,1,darob
6.25%,1,erhalten
6.25%,1,heraus
6.25%,1,irgend
6.25%,1,lächelte
6.25%,1,möge
6.25%,1,ruhte
6.25%,1,unmittelbar
6.25%,1,wohin
6.25%,1,zwei
6.16%,9,hätte
6.06%,2,nimmermehr
6.06%,2,schien
6.02%,5,meine
6.00%,3,oben
5.88%,3,beinahe
5.88%,3,sah
5.88%,1,andes
5.88%,1,arme
5.88%,1,freundschaft
5.88%,1,größe
5.88%,1,imstande
5.88%,1,lediglich
5.88%,1,male
5.88%,1,solcherart
5.88%,1,stein
5.88%,1,stummen
5.88%,1,voller
5.88%,1,weniger
5.77%,3,gut
5.77%,3,leise
5.71%,2,jene
5.66%,3,denen
5.66%,3,wurden
5.56%,3,darüber
5.56%,3,viel
5.56%,2,plötzlich
5.56%,2,ringsum
5.56%,1,dienen
5.56%,1,ebendarum
5.56%,1,enthüllt
5.56%,1,feuer
5.56%,1,gleichgewicht
5.56%,1,innerste
5.56%,1,lied
5.56%,1,liegt
5.56%,1,nie
5.56%,1,tiefer
5.56%,1,überaus
5.56%,1,vereinigt
5.50%,6,will
5.49%,9,man
5.47%,14,einem
5.47%,7,zwischen
5.45%,6,wohl
5.41%,2,große
5.38%,5,hin
5.36%,3,ruhe
5.26%,14,nun
5.26%,4,konnte
5.26%,3,schatten
5.26%,3,wahrlich
5.26%,2,atem
5.26%,2,niemand
5.26%,1,irdischer
5.26%,1,verlockung
5.26%,1,vielmehr
5.17%,3,ließ
5.13%,4,würde
5.13%,2,frage
5.13%,2,seit
5.08%,9,vergil
5.00%,5,also
5.00%,4,sei
5.00%,3,unten
5.00%,2,könnte
5.00%,2,tag
5.00%,1,friede
5.00%,1,gewässer
5.00%,1,langsam
5.00%,1,namenlos
5.00%,1,ruhen
5.00%,1,sonderbar
4.92%,3,willst
4.90%,5,sagte
4.88%,2,fahrt
4.88%,2,neben
4.82%,4,bereits
4.76%,2,andern
4.76%,2,jedes
4.76%,2,seltsam
4.76%,1,alls
4.76%,1,beim
4.76%,1,fragte
4.76%,1,immerhin
4.76%,1,koffer
4.76%,1,kommen
4.76%,1,leeren
4.76%,1,nahe
4.76%,1,stillstand
4.76%,1,wege
4.73%,7,unter
4.72%,6,etwas
4.55%,2,her
4.55%,2,heute
4.55%,1,frau
4.55%,1,gehen
4.55%,1,unsichtbar
4.55%,1,völlig
4.44%,2,ordnung
4.44%,2,vergessen
4.37%,10,nach
4.35%,1,dahin
4.35%,1,gerne
4.35%,1,kette
4.35%,1,mann
4.35%,1,wasser
4.17%,1,geben
4.17%,1,getan
4.17%,1,jungen
4.17%,1,meiner
4.17%,1,schließlich
4.14%,7,weil
4.08%,2,solch
4.00%,1,bringen
4.00%,1,gehalten
4.00%,1,körper
4.00%,1,längst
4.00%,1,machen
4.00%,1,manchmal
3.85%,1,frieden
3.85%,1,nämliche
3.85%,1,unendlichen
3.79%,5,bloß
3.77%,2,angst
3.76%,5,dieser
3.70%,1,hingegen
3.70%,1,kopf
3.70%,1,schier
3.70%,1,tief
3.70%,1,wären
3.57%,2,ganz
3.57%,2,landschaft
3.57%,1,draußen
3.57%,1,groß
3.57%,1,neuen
3.57%,1,sprechen
3.45%,2,kraft
3.45%,1,dazu
3.45%,1,festhalten
3.45%,1,genug
3.45%,1,unsere
3.39%,2,antwort
3.33%,2,wenig
3.33%,1,dämmerung
3.33%,1,unsichtbaren
3.28%,2,gesicht
3.23%,1,daher
3.23%,1,kleinen
3.20%,4,einen
3.13%,2,freilich
3.13%,1,reich
3.08%,2,darf
3.03%,1,eher
3.03%,1,verschwunden
3.03%,1,verse
3.01%,4,habe
3.00%,3,knabe
2.94%,1,cäsars
2.86%,1,davon
2.86%,1,ganzen
2.78%,1,anderen
2.78%,1,saß
2.78%,1,solche
2.63%,1,macht
2.63%,1,zimmer
2.56%,1,genau
2.50%,1,darauf
2.50%,1,gerade
2.50%,1,meinen
2.50%,1,opfer
2.50%,1,sonne
2.47%,4,hast
2.33%,1,dabei
2.22%,1,hielt
2.17%,1,gleichnis
2.00%,1,ihres
2.00%,1,octavian
1.89%,1,blieb
1.85%,1,volk
1.82%,1,bild
1.67%,1,stille
1.46%,2,lucius
0.68%,1,plotius
,14788,TOTAL (Ts)
