"Total Number of Words Containing and Related to ""[Ss]chön"" in Whole Text",
Occurrences,Term
112,schönheit
14,schönen
13,schöne
8,schön
4,schönheitsrausch
4,schöner
3,weltenschönheit
3,schönheitsspieles
3,schönes
2,schönheitsverspielt
1,verschönten
1,verschönerung
1,verschönern
1,unschöne
1,schönrednerei
1,schönmir
1,schönknorrigen
1,schönihr
1,schönheitsverträumter
1,schönheitsverspielter
1,schönheitsverspielte
1,schönheitsverschwisterte
1,schönheitsvernichtend
1,schönheitsvergessen
1,schönheitsumsäumten
1,schönheitsumhüllte
1,schönheitsumflossene
1,schönheitstragendes
1,schönheitssucher
1,schönheitssuche
1,schönheitssprache
1,schönheitssinn
1,schönheitsschauspieler
1,schönheitsschauendem
1,schönheitsschaffung
1,schönheitsriten
1,schönheitsrausches
1,schönheitsraumes
1,schönheitsraum
1,schönheitsgeschehen
1,schönheitserzeugung
1,schönheitserstarrten
1,schönheitserfüllter
1,schönheitserfüllte
1,schönheitserfassende
1,schönheitsentrückung
1,schönheitsentleerten
1,schönheitsentdeckung
1,schönheitsdürstig
1,schönheitsdurchwirkt
1,schönheitsdurchtränkte
1,schönheitsdurchtränkende
1,schönheitsdienenden
1,schönheitsbesessenen
1,schönheitsbeschmückte
1,schönheitsanbeter
1,schönheitdichtung
1,schöngewordenen
1,schöngehobelten
1,schönerwelcher
1,schöneres
1,raumschön
218,TOTAL (Tm)
