Terms Appearing within 50 Words of “Plotia[s]”,,
Portion of All Occurrences,Occurrences,Term
100.00%,106,plotia
100.00%,27,plotias
100.00%,6,werdende
100.00%,3,entferne
100.00%,3,fliehe
100.00%,3,geliebter
100.00%,3,hauchte
100.00%,3,hieria
100.00%,3,lieblicher
100.00%,3,sibyllische
100.00%,3,unrichtig
100.00%,3,vertagen
100.00%,3,wegscheuchen
100.00%,2,aberspiegel
100.00%,2,auftaucht
100.00%,2,aussprach
100.00%,2,baumkrone
100.00%,2,begehrenden
100.00%,2,bezwingender
100.00%,2,davongegangen
100.00%,2,eingleiten
100.00%,2,eisiger
100.00%,2,elfenbeinernen
100.00%,2,entschwebte
100.00%,2,geliebte
100.00%,2,grausames
100.00%,2,heimbringend
100.00%,2,hinabstiegen
100.00%,2,hindurchschreitend
100.00%,2,hirngespinst
100.00%,2,ineinanderverschränkt
100.00%,2,kindhafte
100.00%,2,lächelt
100.00%,2,lebender
100.00%,2,morgenlichtumflossen
100.00%,2,schamvolle
100.00%,2,schicksalsgeschöpf
100.00%,2,sphärengesang
100.00%,2,stapfte
100.00%,2,stetssicherneuernden
100.00%,2,strahlenmantel
100.00%,2,süß
100.00%,2,uferlächeln
100.00%,2,unlöslichkeit
100.00%,2,verlorener
100.00%,2,vermagst
100.00%,2,vermutung
100.00%,2,verschmolzenheit
100.00%,2,verwundet
100.00%,2,warnte
100.00%,2,wirklichkeitsfern
100.00%,2,wolf
100.00%,2,zweige
100.00%,1,abänderung
100.00%,1,abendvergessen
100.00%,1,abgab
100.00%,1,abgeferrigt
100.00%,1,abgleiten
100.00%,1,abschiednehmend
100.00%,1,abschwächen
100.00%,1,abzeichneten
100.00%,1,aderlaß
100.00%,1,äll
100.00%,1,alleinschließenden
100.00%,1,allernächste
100.00%,1,allmonatlichen
100.00%,1,alltaglichsten
100.00%,1,allverschmolzenheit
100.00%,1,altere
100.00%,1,andernteils
100.00%,1,angesteckt
100.00%,1,angriff
100.00%,1,anmutigfreien
100.00%,1,anschlagen
100.00%,1,anwachsen
100.00%,1,arion
100.00%,1,ather
100.00%,1,ätherischste
100.00%,1,aufblühenden
100.00%,1,aufbruchsveranstaltungen
100.00%,1,auffindbar
100.00%,1,aufgelärmt
100.00%,1,aufgestummt
100.00%,1,aufhellend
100.00%,1,aufiauert
100.00%,1,aufleuchten
100.00%,1,aufrichten
100.00%,1,aufzubieten
100.00%,1,auseinandergefaltet
100.00%,1,auseinanderscheucht
100.00%,1,außergewöhnlichsten
100.00%,1,ausstrecken
100.00%,1,auszugaukeln
100.00%,1,barre
100.00%,1,bauche
100.00%,1,be
100.00%,1,beachten
100.00%,1,befolgt
100.00%,1,befremdet
100.00%,1,befürchtend
100.00%,1,begehre
100.00%,1,begehrensfrei
100.00%,1,beglükkung
100.00%,1,behüten
100.00%,1,behutsam
100.00%,1,behutsamem
100.00%,1,beibehalten
100.00%,1,beigestimmt
100.00%,1,belobte
100.00%,1,bemächtigen
100.00%,1,bemerken
100.00%,1,benetzten
100.00%,1,benommen
100.00%,1,benutzt
100.00%,1,bernstein
100.00%,1,besänftigend
100.00%,1,beschwingt
100.00%,1,besessen
100.00%,1,betonungslos
100.00%,1,beträchtlichen
100.00%,1,betragen
100.00%,1,betrübt
100.00%,1,bettes
100.00%,1,bettnachens
100.00%,1,beugten
100.00%,1,bewegenden
100.00%,1,beweises
100.00%,1,biegt
100.00%,1,blattspitzen
100.00%,1,bleierne
100.00%,1,blickecho
100.00%,1,blondlockig
100.00%,1,blößenlosen
100.00%,1,bloßzustellen
100.00%,1,blumenheiterkeit
100.00%,1,blüten
100.00%,1,blütenast
100.00%,1,brackwasser
100.00%,1,bruchteil
100.00%,1,brückenbauer
100.00%,1,büsche
100.00%,1,busches
100.00%,1,büßte
100.00%,1,dahergeschritten
100.00%,1,dahingleiten
100.00%,1,dahinschwebehde
100.00%,1,dämomin
100.00%,1,dankekloge
100.00%,1,davongeweht
100.00%,1,davonruderte
100.00%,1,delphinen
100.00%,1,denke
100.00%,1,diesseitige
100.00%,1,dringe
100.00%,1,dringst
100.00%,1,dryade
100.00%,1,dunkelfreilich
100.00%,1,dunkelheitseinschließende
100.00%,1,dunkelheitsumschlossene
100.00%,1,dunkelverschatteten
100.00%,1,durchfloß
100.00%,1,durchglänzte
100.00%,1,durchlächelnd
100.00%,1,durchlaufen
100.00%,1,durchschattet
100.00%,1,durchsehen
100.00%,1,durchsichtigste
100.00%,1,durchwandern
100.00%,1,dürften
100.00%,1,ebenmaßwürde
100.00%,1,ehrenswerter
100.00%,1,ehrfurcht
100.00%,1,eigenstes
100.00%,1,eigentümlichen
100.00%,1,einäugiger
100.00%,1,einbuchtete
100.00%,1,eindringe
100.00%,1,eindringliches
100.00%,1,einesteils
100.00%,1,einflüsternd
100.00%,1,eingeflüstertes
100.00%,1,eingleitend
100.00%,1,einheitssein
100.00%,1,einherschwebend
100.00%,1,eintrübte
100.00%,1,einverschimmert
100.00%,1,einverständlich
100.00%,1,eisumklammerung
100.00%,1,ekel
100.00%,1,elfenbeinfarbenen
100.00%,1,elfenbeinglatt
100.00%,1,elfenbeinhauch
100.00%,1,elfenbeinhauchig
100.00%,1,elgtja
100.00%,1,emporgestiegen
100.00%,1,emporgetragenes
100.00%,1,emporziehend
100.00%,1,emsig
100.00%,1,endet
100.00%,1,endgültiger
100.00%,1,enkelkette
100.00%,1,entblühe
100.00%,1,entgegengleitende
100.00%,1,entlanggeglitten
100.00%,1,entlegenen
100.00%,1,entmutigung
100.00%,1,entrückterster
100.00%,1,entschädigt
100.00%,1,entschwindendel
100.00%,1,entschwitze
100.00%,1,entstehens
100.00%,1,enttäuschtenttäuschende
100.00%,1,erdgebundene
100.00%,1,erdmächtig
100.00%,1,erdtragend
100.00%,1,erfüllungsgewärtig
100.00%,1,ergänzung
100.00%,1,ergrauen
100.00%,1,ergriff
100.00%,1,erhabener
100.00%,1,erhöhte
100.00%,1,erinnernung
100.00%,1,erinnerungsfreien
100.00%,1,erkanntwerden
100.00%,1,erkenntnistiefe
100.00%,1,erkühnen
100.00%,1,erle
100.00%,1,erleichtern
100.00%,1,erleidende
100.00%,1,erlöser
100.00%,1,erschreckendes
100.00%,1,erstmaligen
100.00%,1,erstmaliges
100.00%,1,ertönt
100.00%,1,erzeugt
100.00%,1,eschengleich
100.00%,1,eurydikes
100.00%,1,fachkundig
100.00%,1,fäkalienbrodem
100.00%,1,faltete
100.00%,1,farbenstark
100.00%,1,farbenstarke
100.00%,1,federnd
100.00%,1,felsenrand
100.00%,1,fielen
100.00%,1,finstern
100.00%,1,flammenhaar
100.00%,1,flaumleicht
100.00%,1,flüßbesäumenden
100.00%,1,forgegangen
100.00%,1,formbauend
100.00%,1,forme
100.00%,1,formrunde
100.00%,1,formungsbereitschaft
100.00%,1,formungsstärke
100.00%,1,fraulichen
100.00%,1,freimütiges
100.00%,1,fremdartig
100.00%,1,freundschaftdu
100.00%,1,friedenszeit
100.00%,1,frühlingsmorgen
100.00%,1,fühl
100.00%,1,führerin
100.00%,1,füllen
100.00%,1,fünffingrig
100.00%,1,gähnend
100.00%,1,gebieterische
100.00%,1,geburtsort
100.00%,1,gedächtnisbild
100.00%,1,gedächtnislosen
100.00%,1,gedichtich
100.00%,1,gefährtin
100.00%,1,gefolgt
100.00%,1,geheimnisverheißend
100.00%,1,gehorche
100.00%,1,gekreische
100.00%,1,gelandet
100.00%,1,gelangendas
100.00%,1,geldbesitz
100.00%,1,genesender
100.00%,1,geradlinig
100.00%,1,gerippes
100.00%,1,geschäftigkeiten
100.00%,1,geschehendes
100.00%,1,geschwärm
100.00%,1,gestaltenwir
100.00%,1,gewächswände
100.00%,1,geweiht
100.00%,1,gewichtig
100.00%,1,gewichtigen
100.00%,1,gewinnend
100.00%,1,geziemend
100.00%,1,glanzes
100.00%,1,gleichmäßigen
100.00%,1,gleichnisbefreiteste
100.00%,1,gleichnislosigkeit
100.00%,1,gliedstarren
100.00%,1,glücklicher
100.00%,1,glückssehnsucht
100.00%,1,goldfrüchtig
100.00%,1,goldglühenden
100.00%,1,göttlichsten
100.00%,1,grammatisch
100.00%,1,grausamer
100.00%,1,grenzüberwachsend
100.00%,1,grünend
100.00%,1,händeeinigkeit
100.00%,1,handspiegels
100.00%,1,hastig
100.00%,1,hauchartig
100.00%,1,hauches
100.00%,1,hauchzart
100.00%,1,hausleib
100.00%,1,hege
100.00%,1,heimatsentscheidung
100.00%,1,heimatsgegenwart
100.00%,1,heimweh
100.00%,1,herabgebeugt
100.00%,1,herabhängt
100.00%,1,heraufgesprungen
100.00%,1,herausnehmen
100.00%,1,herauszudringen
100.00%,1,hereinfiel
100.00%,1,herrührte
100.00%,1,herübergewandert
100.00%,1,herzenseid
100.00%,1,hiergeblieben
100.00%,1,himmelsauge
100.00%,1,hinaltern
100.00%,1,hinaufgeglitten
100.00%,1,hinaufgewandert
100.00%,1,hinaufweisens
100.00%,1,hinausgedrungen
100.00%,1,hinauswuchs
100.00%,1,hindurchlächelte
100.00%,1,hindurchzuschreiten
100.00%,1,hineingesunken
100.00%,1,hineingleiten
100.00%,1,hineinwachte
100.00%,1,hingespannte
100.00%,1,hingezeichnet
100.00%,1,hinkten
100.00%,1,hinrauschende
100.00%,1,hinrieselnd
100.00%,1,hinterbacken
100.00%,1,hinträumend
100.00%,1,hinträumte
100.00%,1,hinüberreichend
100.00%,1,hinwehen
100.00%,1,hinwiederum
100.00%,1,hirsch
100.00%,1,hirte
100.00%,1,hörbarer
100.00%,1,hörnernen
100.00%,1,ineinandergelegt
100.00%,1,ineinanderverfließend
100.00%,1,ineinanderverschmiegend
100.00%,1,ineinanderverschmiegtes
100.00%,1,ineinanderverschwebt
100.00%,1,innerst
100.00%,1,innigsten
100.00%,1,irdischesten
100.00%,1,it
100.00%,1,jagt
100.00%,1,jenseitsvergessen
100.00%,1,jünglingsgestalt
100.00%,1,kehrst
100.00%,1,keimenden
100.00%,1,keinesfalls
100.00%,1,kellner
100.00%,1,kerkerkammern
100.00%,1,kindheitsvergessen
100.00%,1,klage
100.00%,1,knabenantlitz
100.00%,1,knabengenius
100.00%,1,konturierte
100.00%,1,kosende
100.00%,1,kränkend
100.00%,1,kühlendem
100.00%,1,kühlenden
100.00%,1,kunstverspieltheit
100.00%,1,kupferbeschlagenen
100.00%,1,kurzer
100.00%,1,kuß
100.00%,1,küßte
100.00%,1,lächelnöffneten
100.00%,1,landens
100.00%,1,laubige
100.00%,1,lautlosem
100.00%,1,lebenoh
100.00%,1,leibhaftig
100.00%,1,leichteres
100.00%,1,leisheit
100.00%,1,letztem
100.00%,1,letztmaliger
100.00%,1,libellenartig
100.00%,1,lichtschall
100.00%,1,lichtschimmer
100.00%,1,lichtverheißend
100.00%,1,lichtwind
100.00%,1,liebeslied
100.00%,1,liebessicherheit
100.00%,1,liebreizes
100.00%,1,ließest
100.00%,1,lindert
100.00%,1,lorbeerschatten
100.00%,1,losgelassenwerden
100.00%,1,lrdischen
100.00%,1,lustbangigkeit
100.00%,1,mannigfaltiges
100.00%,1,markholz
100.00%,1,maserung
100.00%,1,melodisch
100.00%,1,metrisch
100.00%,1,milchpfade
100.00%,1,miteingeschmiegt
100.00%,1,mittäglich
100.00%,1,mittagsglut
100.00%,1,mittragend
100.00%,1,moosiges
100.00%,1,mücke
100.00%,1,müdigkeiten
100.00%,1,mutterlächeln
100.00%,1,myrthe
100.00%,1,nachgiebig
100.00%,1,nachschwebenden
100.00%,1,nachtatems
100.00%,1,nachtaugesich
100.00%,1,nachtwellen
100.00%,1,nachzuholen
100.00%,1,nacktdurchsichtiger
100.00%,1,nacktgreise
100.00%,1,netzwerk
100.00%,1,neuergdings
100.00%,1,neugeschaffene
100.00%,1,nichtendenwollenden
100.00%,1,nichtgeschehendes
100.00%,1,nichtliebe
100.00%,1,nichtsdesto
100.00%,1,niedergekniet
100.00%,1,niemalsjetzt
100.00%,1,nienieden
100.00%,1,nochnicht
100.00%,1,octadan
100.00%,1,octaviansehr
100.00%,1,öffnende
100.00%,1,opalener
100.00%,1,packen
100.00%,1,pappeln
100.00%,1,pate
100.00%,1,perlmutternen
100.00%,1,perücken
100.00%,1,pflanzenhafte
100.00%,1,plante
100.00%,1,preßte
100.00%,1,prüfend
100.00%,1,rät
100.00%,1,rätselknaben
100.00%,1,räumlichen
100.00%,1,rechne
100.00%,1,regenbogenarkaden
100.00%,1,reichten
100.00%,1,reis
100.00%,1,riefst
100.00%,1,rieselecho
100.00%,1,ringe
100.00%,1,ringlos
100.00%,1,rosigen
100.00%,1,rotglühende
100.00%,1,ruckkehr
100.00%,1,rückkunft
100.00%,1,ruhetragend
100.00%,1,samen
100.00%,1,sänftenrand
100.00%,1,satyrn
100.00%,1,säume
100.00%,1,schadenfroh
100.00%,1,schafen
100.00%,1,schambefreite
100.00%,1,schatteten
100.00%,1,schattigen
100.00%,1,schaue
100.00%,1,schaukeltritt
100.00%,1,scheibe
100.00%,1,scherzte
100.00%,1,schicksalaufsichnehmen
100.00%,1,schicksalen
100.00%,1,schicksalsverlöschen
100.00%,1,schicksalswissen
100.00%,1,schläfenhaut
100.00%,1,schleiergleich
100.00%,1,schlief
100.00%,1,schließende
100.00%,1,schlummere
100.00%,1,schmächtigen
100.00%,1,schmeichelnd
100.00%,1,schmetterlingen
100.00%,1,schmollte
100.00%,1,schönheitsschaffung
100.00%,1,schönheitsumflossene
100.00%,1,schönknorrigen
100.00%,1,schonlängst
100.00%,1,schreibens
100.00%,1,schreite
100.00%,1,schreiten
100.00%,1,schwellenden
100.00%,1,segelten
100.00%,1,sehnsuchterahnend
100.00%,1,seinemschritt
100.00%,1,seinetwegen
100.00%,1,seinsform
100.00%,1,selbstverständlicher
100.00%,1,selbstverstäridlichkeit
100.00%,1,seligerer
100.00%,1,sibyllisch
100.00%,1,silberendlosen
100.00%,1,silbermilchig
100.00%,1,silberopalen
100.00%,1,sinnbildloseste
100.00%,1,sogardoch
100.00%,1,solltest
100.00%,1,sonnenmeeres
100.00%,1,sonnennebel
100.00%,1,sphärenfüllende
100.00%,1,sphärenlied
100.00%,1,spiegelflächen
100.00%,1,spöttisch
100.00%,1,sprecht
100.00%,1,stanken
100.00%,1,starrenden
100.00%,1,stecktest
100.00%,1,steineichengeäst
100.00%,1,sternenblick
100.00%,1,sternenglanz
100.00%,1,sternenübersät
100.00%,1,sternübersät
100.00%,1,stillstehen
100.00%,1,straffe
100.00%,1,strahlungslos
100.00%,1,strauch
100.00%,1,stückchen
100.00%,1,sumpfstrauches
100.00%,1,tätig
100.00%,1,taubenumgurrt
100.00%,1,teilwerden
100.00%,1,testierst
100.00%,1,testiert
100.00%,1,tiefgesenkten
100.00%,1,tityrus
100.00%,1,todtragend
100.00%,1,törichter
100.00%,1,tormäuler
100.00%,1,totengerippes
100.00%,1,totengestrüpp
100.00%,1,totengewimmel
100.00%,1,tötet
100.00%,1,traf
100.00%,1,trau
100.00%,1,trauere
100.00%,1,traumespforte
100.00%,1,traumfriedens
100.00%,1,trenen
100.00%,1,treppenweg
100.00%,1,triefend
100.00%,1,trunkenbolde
100.00%,1,übereinandergelegten
100.00%,1,übernahm
100.00%,1,überragte
100.00%,1,überschimmert
100.00%,1,überschreitenunrichtig
100.00%,1,überschreitungen
100.00%,1,überzeugend
100.00%,1,ulmengeäst
100.00%,1,ulmengleich
100.00%,1,umdrängt
100.00%,1,umfassung
100.00%,1,umfloß
100.00%,1,umruhenden
100.00%,1,umschwirrte
100.00%,1,umspiegelt
100.00%,1,unanzweifelbar
100.00%,1,unbedingtem
100.00%,1,unbefugte
100.00%,1,unbehindert
100.00%,1,unberührten
100.00%,1,undurchblickbaren
100.00%,1,unentfalteten
100.00%,1,unerkannt
100.00%,1,unerkennbare
100.00%,1,unerschlossenen
100.00%,1,unfühlbare
100.00%,1,unleuchtende
100.00%,1,unräumliches
100.00%,1,unsichtbarsichtbaren
100.00%,1,unsterblichsten
100.00%,1,untaugliches
100.00%,1,unterbrch
100.00%,1,untergründig
100.00%,1,unterweltsniichternheit
100.00%,1,unvereinbar
100.00%,1,unvergessene
100.00%,1,unvergessenvergessenes
100.00%,1,unverhülltem
100.00%,1,unverrücklichen
100.00%,1,unverwunderte
100.00%,1,unweit
100.00%,1,unwert
100.00%,1,üppigen
100.00%,1,ureigenste
100.00%,1,urelemente
100.00%,1,verabscheuungswürdig
100.00%,1,veranlassen
100.00%,1,verbogene
100.00%,1,verdüsterung
100.00%,1,vereinend
100.00%,1,verfertigte
100.00%,1,verfinsterten
100.00%,1,vergangeheitsbehaftet
100.00%,1,vergangenheitstief
100.00%,1,vergessend
100.00%,1,vergessenheitnichts
100.00%,1,vergreisungen
100.00%,1,verheißend
100.00%,1,verhören
100.00%,1,verhüllung
100.00%,1,verhuschten
100.00%,1,verkürzt
100.00%,1,verlangens
100.00%,1,verließ
100.00%,1,verlokkung
100.00%,1,verlorendas
100.00%,1,vernachten
100.00%,1,vernichte
100.00%,1,verpflichtende
100.00%,1,verrottung
100.00%,1,versammeltem
100.00%,1,verscheuchte
100.00%,1,verschimmert
100.00%,1,verschlossene
100.00%,1,verschwandohne
100.00%,1,verstörtheit
100.00%,1,verströmt
100.00%,1,vertrauteste
100.00%,1,verwandelsthalte
100.00%,1,verwitterter
100.00%,1,verwunderlichselbstverständlich
100.00%,1,vielschichtigkeit
100.00%,1,vogelartigen
100.00%,1,vogelgetier
100.00%,1,vorauseilenden
100.00%,1,vorausgeeilte
100.00%,1,voraussetzungen
100.00%,1,vorbeigeht
100.00%,1,vorbeitorkelt
100.00%,1,vorhergegangene
100.00%,1,vortod
100.00%,1,vorüber
100.00%,1,vorüberzog
100.00%,1,wahrste
100.00%,1,walddurchsingend
100.00%,1,waldumsäumten
100.00%,1,weidengebüschen
100.00%,1,weinstock
100.00%,1,weißköpfig
100.00%,1,weißnakkig
100.00%,1,weitererkennend
100.00%,1,weiterfinden
100.00%,1,weitgeöffnete
100.00%,1,weithinaus
100.00%,1,wesengrundes
100.00%,1,wesenheitsreihe
100.00%,1,wesensglieder
100.00%,1,wesensschichten
100.00%,1,widerstandslosigkeit
100.00%,1,widrerfahren
100.00%,1,wiederbefriedeten
100.00%,1,wiederbetauten
100.00%,1,wiedererkennbar
100.00%,1,wiedererwachten
100.00%,1,wiedererwachtes
100.00%,1,wiedersehen
100.00%,1,wiederversammelten
100.00%,1,willentlich
100.00%,1,willstbedenke
100.00%,1,wimmerte
100.00%,1,wirklichkeitmeinst
100.00%,1,wirklichkeitsfest
100.00%,1,wirklichkeitsnacktheit
100.00%,1,wirklichkeitsschwere
100.00%,1,wissenssicher
100.00%,1,wohins
100.00%,1,wohltun
100.00%,1,wolken
100.00%,1,wolle
100.00%,1,wollt
100.00%,1,wunschlos
100.00%,1,wust
100.00%,1,zarterem
100.00%,1,zärtliche
100.00%,1,zartschimmernden
100.00%,1,zauderndes
100.00%,1,zeichnungslandschaft
100.00%,1,zeitenkühle
100.00%,1,zeitlosigkeitgleichnis
100.00%,1,zeitmaß
100.00%,1,zeitufern
100.00%,1,zerbrochene
100.00%,1,zerlegen
100.00%,1,zerlöst
100.00%,1,zerriß
100.00%,1,zeugungsbereit
100.00%,1,zeugungstüchtigen
100.00%,1,zitierte
100.00%,1,zögerrides
100.00%,1,zolles
100.00%,1,zufallsbefreite
100.00%,1,zufallschaos
100.00%,1,zufallsgestalt
100.00%,1,zugeformt
100.00%,1,zukunftsträchtig
100.00%,1,zuneigen
100.00%,1,zuraunte
100.00%,1,zurechtweisen
100.00%,1,zurückfordern
100.00%,1,zurückgebedemzufolge
100.00%,1,zurückgesandte
100.00%,1,zurückversunken
100.00%,1,zusammenhanglosen
100.00%,1,zusammenkunft
100.00%,1,zuschweben
100.00%,1,zustimmend
100.00%,1,zuzuwandern
100.00%,1,zweisam
100.00%,1,zwitschern
100.00%,1,zwitschernden
80.00%,4,kehre
75.00%,3,blumenhainen
75.00%,3,eingeflüstert
75.00%,3,erschaute
75.00%,3,erstes
75.00%,3,fliehen
75.00%,3,grashalm
75.00%,3,heim
75.00%,3,stab
75.00%,3,unauffindbare
75.00%,3,verbindung
75.00%,3,zukunftsschicksal
66.67%,2,abermals
66.67%,2,anderem
66.67%,2,aufhalten
66.67%,2,auszudrücken
66.67%,2,berührten
66.67%,2,brüste
66.67%,2,eindrang
66.67%,2,eingeschüchtert
66.67%,2,einswerdend
66.67%,2,eng
66.67%,2,erkennst
66.67%,2,erraten
66.67%,2,gleichnisse
66.67%,2,glühende
66.67%,2,glühender
66.67%,2,gruß
66.67%,2,hältst
66.67%,2,rinde
66.67%,2,steckte
66.67%,2,tal
66.67%,2,trennen
66.67%,2,überglänzt
66.67%,2,unerahnbar
66.67%,2,ungesungen
66.67%,2,ungesungene
66.67%,2,unsprengbar
66.67%,2,untereinander
66.67%,2,verheißenen
66.67%,2,verpflichtend
66.67%,2,weibes
66.67%,2,weisegeste
66.67%,2,werdens
66.67%,2,zufällige
60.00%,3,geformt
60.00%,3,heimkunft
60.00%,3,unbeschadet
57.14%,4,rieselnd
57.14%,4,schicke
50.00%,9,goldenen
50.00%,3,asinius
50.00%,3,entschwunden
50.00%,3,manuskripte
50.00%,3,trage
50.00%,3,verbundenheit
50.00%,2,darunter
50.00%,2,dicht
50.00%,2,elfenbeinern
50.00%,2,erzeugen
50.00%,2,findest
50.00%,2,fühlst
50.00%,2,grüns
50.00%,2,leichten
50.00%,2,retten
50.00%,2,schiedkraft
50.00%,2,träumte
50.00%,2,umkehr
50.00%,2,unauffindbaren
50.00%,2,undurchdringliche
50.00%,2,wesensgrund
50.00%,2,winterlich
50.00%,2,zufällig
50.00%,2,zwiesprache
50.00%,1,abgestorbenheit
50.00%,1,abgrundtiefe
50.00%,1,aneinandergereiht
50.00%,1,angeredet
50.00%,1,angstvoller
50.00%,1,anschlag
50.00%,1,anzugeben
50.00%,1,aufgerauscht
50.00%,1,aufnimmt
50.00%,1,augenblickes
50.00%,1,ausbreiten
50.00%,1,bacchantischen
50.00%,1,balkendecke
50.00%,1,bann
50.00%,1,bebten
50.00%,1,bedenkt
50.00%,1,befremdlich
50.00%,1,beharren
50.00%,1,beifällig
50.00%,1,bekrönt
50.00%,1,bestandteile
50.00%,1,bewirkend
50.00%,1,bindet
50.00%,1,bindung
50.00%,1,blättern
50.00%,1,blendende
50.00%,1,blöße
50.00%,1,böses
50.00%,1,denkt
50.00%,1,dieselbe
50.00%,1,dunkelheitsgrund
50.00%,1,durchsichtigster
50.00%,1,eherne
50.00%,1,einbog
50.00%,1,einfalt
50.00%,1,eingangs
50.00%,1,eingegliedert
50.00%,1,eingesogen
50.00%,1,einiger
50.00%,1,einleuchtend
50.00%,1,elfenbein
50.00%,1,entblößten
50.00%,1,entrückte
50.00%,1,entrüstung
50.00%,1,entschieden
50.00%,1,entschwundene
50.00%,1,entwinden
50.00%,1,entzücken
50.00%,1,erlösen
50.00%,1,erniedrigen
50.00%,1,erschreckt
50.00%,1,erstorben
50.00%,1,erwarte
50.00%,1,fahrzeug
50.00%,1,falte
50.00%,1,farblose
50.00%,1,federleicht
50.00%,1,fehlen
50.00%,1,felsigkeit
50.00%,1,festhält
50.00%,1,festtage
50.00%,1,ficken
50.00%,1,flausen
50.00%,1,fleisches
50.00%,1,flieht
50.00%,1,flüchtig
50.00%,1,flüchtigkeit
50.00%,1,fluß
50.00%,1,flüsterten
50.00%,1,fortgeschickt
50.00%,1,fremdeste
50.00%,1,freßbäuche
50.00%,1,fühlbare
50.00%,1,fußboden
50.00%,1,fußes
50.00%,1,geäste
50.00%,1,gedämpft
50.00%,1,gefährte
50.00%,1,gefundene
50.00%,1,geheimen
50.00%,1,gehilfen
50.00%,1,geraden
50.00%,1,gespenstig
50.00%,1,gespräches
50.00%,1,gestirnvielfalt
50.00%,1,gewartet
50.00%,1,gezählt
50.00%,1,glasscheibe
50.00%,1,gleiche
50.00%,1,grotte
50.00%,1,grotten
50.00%,1,gültigkeit
50.00%,1,gütigen
50.00%,1,haaren
50.00%,1,hauchen
50.00%,1,hauchende
50.00%,1,heimatlich
50.00%,1,herakles
50.00%,1,heraufgerufen
50.00%,1,hervorgezaubert
50.00%,1,hieße
50.00%,1,hindurchgegangen
50.00%,1,hingekauerten
50.00%,1,hingesunken
50.00%,1,hingeweht
50.00%,1,hingewehtwerden
50.00%,1,hinschwinden
50.00%,1,hinterher
50.00%,1,hintragend
50.00%,1,hinübergreifen
50.00%,1,hoffen
50.00%,1,holdheit
50.00%,1,hübschlinge
50.00%,1,huren
50.00%,1,immerwährenden
50.00%,1,ineinandergewachsen
50.00%,1,innig
50.00%,1,jawohl
50.00%,1,jungfrau
50.00%,1,klagen
50.00%,1,knochige
50.00%,1,koffers
50.00%,1,komme
50.00%,1,kühlsteinernes
50.00%,1,lächerliche
50.00%,1,laubgrotte
50.00%,1,lederdeckel
50.00%,1,leibliche
50.00%,1,liebenswürdige
50.00%,1,liebeswirklichkeit
50.00%,1,liebst
50.00%,1,livia
50.00%,1,mahnung
50.00%,1,mäuler
50.00%,1,meerflut
50.00%,1,menschendickicht
50.00%,1,menschengestalt
50.00%,1,menschensprache
50.00%,1,menschlichste
50.00%,1,mitgenommen
50.00%,1,morsche
50.00%,1,nah
50.00%,1,nämliches
50.00%,1,narzisse
50.00%,1,naß
50.00%,1,nichtsein
50.00%,1,niedergelassen
50.00%,1,niederließ
50.00%,1,nymphe
50.00%,1,octavianich
50.00%,1,öfters
50.00%,1,opalschimmern
50.00%,1,papierig
50.00%,1,restlos
50.00%,1,rezitieren
50.00%,1,rucktakt
50.00%,1,ruh
50.00%,1,schämte
50.00%,1,schattengewimmel
50.00%,1,schattenhafte
50.00%,1,schicksalsgetrieben
50.00%,1,schmiegte
50.00%,1,schnöde
50.00%,1,schreiber
50.00%,1,schweigst
50.00%,1,selbsterkennen
50.00%,1,sichtbarer
50.00%,1,sinnerfülltheit
50.00%,1,sinngebend
50.00%,1,spiegelnde
50.00%,1,spiegelnden
50.00%,1,spiegelten
50.00%,1,spitzen
50.00%,1,stank
50.00%,1,stattfinden
50.00%,1,stehenden
50.00%,1,sterbe
50.00%,1,sterns
50.00%,1,stimmenallheit
50.00%,1,stocke
50.00%,1,süßen
50.00%,1,tätest
50.00%,1,tödlich
50.00%,1,tränke
50.00%,1,traumestrauer
50.00%,1,übergehen
50.00%,1,überwältigt
50.00%,1,übten
50.00%,1,ulmen
50.00%,1,umklammerung
50.00%,1,umrankt
50.00%,1,umschließen
50.00%,1,umständliche
50.00%,1,umtanzt
50.00%,1,unabweisbaren
50.00%,1,unangefochten
50.00%,1,unaufhaltsame
50.00%,1,unberührbar
50.00%,1,unbewegter
50.00%,1,unbewegtes
50.00%,1,undurchdringlichen
50.00%,1,unendlichsten
50.00%,1,unentdeckbar
50.00%,1,ungeborenen
50.00%,1,unmännlich
50.00%,1,unnötige
50.00%,1,unvergeßbar
50.00%,1,unvergessen
50.00%,1,unverlöschliche
50.00%,1,unwiederbringliche
50.00%,1,venus
50.00%,1,verbindend
50.00%,1,verblieb
50.00%,1,verbürgen
50.00%,1,vereinfacht
50.00%,1,vergangenheitsschicksal
50.00%,1,verlangsamte
50.00%,1,verlust
50.00%,1,vermocht
50.00%,1,versäumte
50.00%,1,verschimmernd
50.00%,1,verschwimmende
50.00%,1,verses
50.00%,1,verstorben
50.00%,1,verstummte
50.00%,1,verzweifelte
50.00%,1,vorlesen
50.00%,1,vorwärtsstreben
50.00%,1,wehendem
50.00%,1,weisend
50.00%,1,weißen
50.00%,1,weißer
50.00%,1,weisung
50.00%,1,weiterklingen
50.00%,1,weither
50.00%,1,weset
50.00%,1,widerfahren
50.00%,1,wiederaufstieg
50.00%,1,wiedererstehenden
50.00%,1,wiedergewinnen
50.00%,1,wiedergewonnen
50.00%,1,wiederpreisgegebene
50.00%,1,wildnis
50.00%,1,willkomm
50.00%,1,wirkliches
50.00%,1,wisse
50.00%,1,wohnte
50.00%,1,wurzelig
50.00%,1,zartheit
50.00%,1,zerteilen
50.00%,1,zugeneigt
50.00%,1,zulässig
50.00%,1,zurückgeführt
50.00%,1,zurückziehen
50.00%,1,zustande
50.00%,1,zuzuwenden
50.00%,1,zwingender
50.00%,1,zwingt
47.06%,8,erkannte
44.44%,4,entscheidung
42.86%,3,abgestorben
42.86%,3,aufnehmend
42.86%,3,fühle
42.86%,3,leichtigkeit
42.86%,3,lieben
41.67%,5,gezweige
40.00%,6,abgeschieden
40.00%,2,antwortete
40.00%,2,entfaltete
40.00%,2,erkenne
40.00%,2,erstreckte
40.00%,2,fehlte
40.00%,2,fortschicken
40.00%,2,gestorben
40.00%,2,lehnte
40.00%,2,pollio
40.00%,2,schein
40.00%,2,unaufhaltsam
40.00%,2,ungerecht
40.00%,2,urahn
40.00%,2,verhielt
40.00%,2,wandelte
40.00%,2,weib
40.00%,2,wert
40.00%,2,wesenheiten
40.00%,2,zugehörig
38.46%,5,zweig
37.50%,6,alexis
37.50%,6,lächelte
37.50%,3,aufschreiben
37.50%,3,blume
37.50%,3,friedlich
37.50%,3,nüchtern
37.50%,3,stehe
36.36%,8,heimat
33.33%,5,wirkliche
33.33%,3,fernen
33.33%,3,gäbe
33.33%,3,sowohl
33.33%,3,toten
33.33%,2,beugte
33.33%,2,breiten
33.33%,2,dünn
33.33%,2,eh
33.33%,2,ekloge
33.33%,2,erlaubt
33.33%,2,freunden
33.33%,2,geliebt
33.33%,2,harte
33.33%,2,hört
33.33%,2,innensicht
33.33%,2,lieblich
33.33%,2,nickte
33.33%,2,reif
33.33%,2,riese
33.33%,2,riesen
33.33%,2,schoß
33.33%,2,unerforschlich
33.33%,2,ungeborenheit
33.33%,2,ununterscheidbaren
33.33%,2,unverzüglich
33.33%,2,vereinigung
33.33%,2,zusammenhang
33.33%,2,zuspruch
33.33%,1,affen
33.33%,1,ähnlich
33.33%,1,andauern
33.33%,1,ansetzen
33.33%,1,anwesenheit
33.33%,1,äpfel
33.33%,1,apollo
33.33%,1,apollons
33.33%,1,ätherischen
33.33%,1,aufbaute
33.33%,1,aufgestanden
33.33%,1,ausmachen
33.33%,1,bat
33.33%,1,bedächtig
33.33%,1,befugt
33.33%,1,begegnet
33.33%,1,behauptete
33.33%,1,bemerkbar
33.33%,1,bemerkte
33.33%,1,bergen
33.33%,1,berührte
33.33%,1,bestätigte
33.33%,1,betäubenden
33.33%,1,bettrand
33.33%,1,beweise
33.33%,1,bezwingend
33.33%,1,blattwerk
33.33%,1,blau
33.33%,1,bläue
33.33%,1,bursche
33.33%,1,davontragen
33.33%,1,ebensowenig
33.33%,1,ecke
33.33%,1,eiche
33.33%,1,eigenschaftsgrund
33.33%,1,einverständnis
33.33%,1,eisige
33.33%,1,enthüllend
33.33%,1,entsprossen
33.33%,1,erdrückt
33.33%,1,erfreulich
33.33%,1,erinnerungsraum
33.33%,1,erlösung
33.33%,1,ermessen
33.33%,1,ermüdet
33.33%,1,erstaunt
33.33%,1,festigkeit
33.33%,1,fischen
33.33%,1,flüchtigen
33.33%,1,formt
33.33%,1,frühlingshaft
33.33%,1,füße
33.33%,1,garn
33.33%,1,geäst
33.33%,1,gedanke
33.33%,1,geliebten
33.33%,1,gemeinsamer
33.33%,1,genauer
33.33%,1,geschmiedet
33.33%,1,grell
33.33%,1,größerer
33.33%,1,gunst
33.33%,1,haftete
33.33%,1,halsring
33.33%,1,handgreiflichen
33.33%,1,harrenden
33.33%,1,heiliger
33.33%,1,held
33.33%,1,herabgesenkt
33.33%,1,himmelwärts
33.33%,1,hoffnungslos
33.33%,1,horizontes
33.33%,1,klangen
33.33%,1,kniete
33.33%,1,kommst
33.33%,1,kühlsteinern
33.33%,1,lächelnde
33.33%,1,langsamen
33.33%,1,lebendigkeit
33.33%,1,lieblichkeit
33.33%,1,liebte
33.33%,1,lorbeer
33.33%,1,matratze
33.33%,1,meineidige
33.33%,1,menschenschicksal
33.33%,1,milden
33.33%,1,muschel
33.33%,1,nachteinsamkeit
33.33%,1,nachthöhle
33.33%,1,nächtlichkeit
33.33%,1,nebel
33.33%,1,nützt
33.33%,1,obgleich
33.33%,1,pan
33.33%,1,pfeil
33.33%,1,prometheische
33.33%,1,redest
33.33%,1,riecht
33.33%,1,riesengestalt
33.33%,1,schattenreich
33.33%,1,schicken
33.33%,1,schlafes
33.33%,1,schwarzer
33.33%,1,sehenden
33.33%,1,sonnenlicht
33.33%,1,stämme
33.33%,1,stärkeren
33.33%,1,stockes
33.33%,1,streckte
33.33%,1,stromes
33.33%,1,suche
33.33%,1,suchst
33.33%,1,süßer
33.33%,1,teuer
33.33%,1,trunken
33.33%,1,überstrahlt
33.33%,1,überwunden
33.33%,1,umarmung
33.33%,1,umfängt
33.33%,1,umstellt
33.33%,1,umwittert
33.33%,1,unauffindbar
33.33%,1,unausdenkbar
33.33%,1,unbewegliche
33.33%,1,unerschaubar
33.33%,1,ungestaltete
33.33%,1,unhörbarkeit
33.33%,1,unschöpfung
33.33%,1,unsichtbares
33.33%,1,urenkel
33.33%,1,urteil
33.33%,1,verbergen
33.33%,1,verbinden
33.33%,1,verblassen
33.33%,1,vergangene
33.33%,1,vergebliches
33.33%,1,vergessenen
33.33%,1,verhält
33.33%,1,verlorenes
33.33%,1,verlorengegangen
33.33%,1,verlorengehen
33.33%,1,vermeint
33.33%,1,vernehmlicher
33.33%,1,verschattete
33.33%,1,verschlossen
33.33%,1,verschmäht
33.33%,1,verschwand
33.33%,1,verteidigen
33.33%,1,verwirrt
33.33%,1,verwurzelt
33.33%,1,verzweiflung
33.33%,1,vögeln
33.33%,1,voneinander
33.33%,1,vorgestorbenheit
33.33%,1,wahrhafte
33.33%,1,wandelgang
33.33%,1,wanderten
33.33%,1,wechselte
33.33%,1,wehrte
33.33%,1,wesens
33.33%,1,wiederpreisgegebenheit
33.33%,1,wohnen
33.33%,1,wozu
33.33%,1,zauberin
33.33%,1,zeile
33.33%,1,zunehmendem
33.33%,1,zunehmender
33.33%,1,zungen
33.33%,1,zurückgezogen
33.33%,1,zurückverwandelt
31.82%,7,geld
30.00%,6,ring
30.00%,6,unserer
30.00%,3,abend
30.00%,3,mitten
30.00%,3,rieselte
30.00%,3,spannung
30.00%,3,unsichtbarkeit
30.00%,3,unvergänglich
30.00%,3,verschwindend
29.17%,7,suchen
28.57%,6,nahe
28.57%,2,arztes
28.57%,2,baum
28.57%,2,bogen
28.57%,2,dunkler
28.57%,2,geglückt
28.57%,2,haltung
28.57%,2,heiterer
28.57%,2,herzschlag
28.57%,2,lächelnd
28.57%,2,schrei
28.57%,2,strich
28.57%,2,tauchte
28.57%,2,übernommen
28.57%,2,unmittelbaren
28.57%,2,verlockend
28.57%,2,zarte
27.78%,5,ununterscheidbar
27.27%,6,frau
27.27%,3,schimmerte
27.27%,3,sollst
27.27%,3,ton
27.27%,3,tucca
27.27%,3,unabwehrbar
26.67%,4,sterblich
25.00%,7,hände
25.00%,5,fort
25.00%,3,meinte
25.00%,3,miene
25.00%,3,verflüchtigt
25.00%,2,brauchst
25.00%,2,brauchte
25.00%,2,brücken
25.00%,2,dicken
25.00%,2,eingehüllt
25.00%,2,fülle
25.00%,2,geschenk
25.00%,2,geschlossen
25.00%,2,gespiegelt
25.00%,2,glied
25.00%,2,kamst
25.00%,2,kurze
25.00%,2,mannes
25.00%,2,papier
25.00%,2,rief
25.00%,2,schmerzlich
25.00%,2,schwieg
25.00%,2,streng
25.00%,2,tut
25.00%,2,unschuld
25.00%,2,wachsend
25.00%,1,adern
25.00%,1,anhob
25.00%,1,apoll
25.00%,1,aufzuheben
25.00%,1,ausging
25.00%,1,bedacht
25.00%,1,begrüßung
25.00%,1,bekam
25.00%,1,beschränkt
25.00%,1,bezeichnen
25.00%,1,billig
25.00%,1,blatt
25.00%,1,bleiernen
25.00%,1,blonden
25.00%,1,dahindämmern
25.00%,1,doppelte
25.00%,1,dringt
25.00%,1,droben
25.00%,1,durchbricht
25.00%,1,eindeutig
25.00%,1,einhüllte
25.00%,1,einsamen
25.00%,1,einschüchterung
25.00%,1,einzugehen
25.00%,1,empfinden
25.00%,1,empfing
25.00%,1,emporgeschossen
25.00%,1,enkel
25.00%,1,enthüllte
25.00%,1,entläßt
25.00%,1,ergänzt
25.00%,1,erkennende
25.00%,1,erkennens
25.00%,1,erklungen
25.00%,1,erwartungslos
25.00%,1,ewigwährenden
25.00%,1,ewigwährender
25.00%,1,fahlheit
25.00%,1,fassen
25.00%,1,faust
25.00%,1,feldern
25.00%,1,fernste
25.00%,1,flüsterte
25.00%,1,folge
25.00%,1,freiwillig
25.00%,1,fremde
25.00%,1,früchte
25.00%,1,führerschaft
25.00%,1,gattin
25.00%,1,gebanntheit
25.00%,1,gebaut
25.00%,1,gegenrede
25.00%,1,gemeinsames
25.00%,1,geneigt
25.00%,1,glanze
25.00%,1,gleichnissen
25.00%,1,glitt
25.00%,1,glitzernd
25.00%,1,glücklicherweise
25.00%,1,güte
25.00%,1,haar
25.00%,1,haltenden
25.00%,1,handgreiflich
25.00%,1,handgreiflichkeit
25.00%,1,hängen
25.00%,1,hauptes
25.00%,1,heimkehrend
25.00%,1,heiter
25.00%,1,herangetragen
25.00%,1,hingegeben
25.00%,1,höflich
25.00%,1,höhere
25.00%,1,jüngling
25.00%,1,körperlichen
25.00%,1,künftiges
25.00%,1,lächelnden
25.00%,1,lebend
25.00%,1,leibes
25.00%,1,leises
25.00%,1,liedes
25.00%,1,lies
25.00%,1,lüfte
25.00%,1,nächste
25.00%,1,quellen
25.00%,1,rieselnde
25.00%,1,rieselnden
25.00%,1,rötlichen
25.00%,1,rückwendung
25.00%,1,schattenlos
25.00%,1,scheiden
25.00%,1,scheitern
25.00%,1,schiffes
25.00%,1,schlichten
25.00%,1,schrieb
25.00%,1,schüttelte
25.00%,1,sichtbarunsichtbaren
25.00%,1,silbern
25.00%,1,sitzend
25.00%,1,sprießt
25.00%,1,stamm
25.00%,1,sternes
25.00%,1,strome
25.00%,1,stuhl
25.00%,1,syrer
25.00%,1,tierheit
25.00%,1,traumlos
25.00%,1,traurig
25.00%,1,trieb
25.00%,1,tunica
25.00%,1,ulme
25.00%,1,umzuwenden
25.00%,1,unerinnerbaren
25.00%,1,unerschaubaren
25.00%,1,unmerklich
25.00%,1,unvergängliche
25.00%,1,verächtlich
25.00%,1,verblaßte
25.00%,1,verfall
25.00%,1,verführerisch
25.00%,1,verkündend
25.00%,1,verlangst
25.00%,1,verscheucht
25.00%,1,versprechen
25.00%,1,verstummt
25.00%,1,vollkommene
25.00%,1,voran
25.00%,1,wahn
25.00%,1,währen
25.00%,1,wälder
25.00%,1,wandern
25.00%,1,weicher
25.00%,1,weiße
25.00%,1,weniges
25.00%,1,wich
25.00%,1,wiesen
25.00%,1,wolltest
25.00%,1,zarten
25.00%,1,zukünftige
25.00%,1,zukünftigen
23.53%,4,erwarten
23.53%,4,galt
23.33%,7,finger
23.21%,13,ruhe
23.08%,3,hätten
23.08%,3,hinab
23.08%,3,höchst
23.08%,3,unseres
22.95%,14,sklaven
22.22%,6,keines
22.22%,2,ergriffen
22.22%,2,gefeit
22.22%,2,gewordene
22.22%,2,gräßlich
22.22%,2,gutes
22.22%,2,höhle
22.22%,2,leisen
22.22%,2,mild
22.22%,2,nächsten
22.22%,2,öffnen
22.22%,2,orpheus
22.22%,2,ringes
22.22%,2,sanfte
22.22%,2,schweigend
22.22%,2,versagt
21.43%,6,ganzheit
21.43%,6,klang
21.43%,3,gesprochen
21.43%,3,hart
21.43%,3,schwebenden
20.00%,4,erwartet
20.00%,4,schwer
20.00%,3,helle
20.00%,3,ineinander
20.00%,3,nirgendwo
20.00%,3,setzte
20.00%,3,vernichten
20.00%,2,begnadet
20.00%,2,bloßes
20.00%,2,eingang
20.00%,2,gehörte
20.00%,2,gestellt
20.00%,2,glanz
20.00%,2,glätte
20.00%,2,herden
20.00%,2,lebt
20.00%,2,reichte
20.00%,2,unerreichbaren
20.00%,2,unserem
20.00%,2,verborgen
20.00%,2,warst
20.00%,1,abgestreift
20.00%,1,alledem
20.00%,1,allüberall
20.00%,1,allzeit
20.00%,1,antworten
20.00%,1,äther
20.00%,1,aufhebend
20.00%,1,begehren
20.00%,1,brachte
20.00%,1,daumen
20.00%,1,derentwillen
20.00%,1,drängte
20.00%,1,dringlichkeit
20.00%,1,eindringlicher
20.00%,1,eingeordnet
20.00%,1,entfaltung
20.00%,1,ersehnten
20.00%,1,eurydike
20.00%,1,fahllicht
20.00%,1,farbe
20.00%,1,fließenden
20.00%,1,fließt
20.00%,1,flogen
20.00%,1,floß
20.00%,1,funkelnd
20.00%,1,furchtbare
20.00%,1,fuß
20.00%,1,gabe
20.00%,1,gebärend
20.00%,1,gebilde
20.00%,1,geflüchtet
20.00%,1,gegolten
20.00%,1,geklungen
20.00%,1,genötigt
20.00%,1,geräuschlos
20.00%,1,geschaffene
20.00%,1,gestade
20.00%,1,gesundheit
20.00%,1,getreten
20.00%,1,gezogen
20.00%,1,gipfel
20.00%,1,griff
20.00%,1,häupten
20.00%,1,hausrat
20.00%,1,herauf
20.00%,1,hinüber
20.00%,1,kandelabers
20.00%,1,leisten
20.00%,1,mittel
20.00%,1,möglicherweise
20.00%,1,mondes
20.00%,1,mühe
20.00%,1,ohr
20.00%,1,perikles
20.00%,1,pflegte
20.00%,1,ragte
20.00%,1,regungslosigkeit
20.00%,1,reinen
20.00%,1,schichten
20.00%,1,schreiben
20.00%,1,schüchtern
20.00%,1,schwankte
20.00%,1,schweigende
20.00%,1,selbstverständlichkeit
20.00%,1,siegelring
20.00%,1,sieges
20.00%,1,sinne
20.00%,1,sonnenfinsternis
20.00%,1,spräche
20.00%,1,sprachen
20.00%,1,sprengen
20.00%,1,sterbenden
20.00%,1,stockend
20.00%,1,teilnehmen
20.00%,1,testamentes
20.00%,1,trachtete
20.00%,1,trübe
20.00%,1,tue
20.00%,1,überlegen
20.00%,1,überschreiten
20.00%,1,unbeschädigt
20.00%,1,unerlauschbaren
20.00%,1,ungetane
20.00%,1,urgrund
20.00%,1,ursprüngliche
20.00%,1,verändern
20.00%,1,verdoppelter
20.00%,1,vereinigen
20.00%,1,vereinsamung
20.00%,1,verfließend
20.00%,1,verstanden
20.00%,1,vögel
20.00%,1,vorgelesen
20.00%,1,wände
20.00%,1,wandeln
20.00%,1,wanderung
20.00%,1,wende
20.00%,1,wünschest
20.00%,1,zurückgesunken
20.00%,1,zusammenschluß
19.61%,20,sagte
19.44%,21,liebe
19.23%,10,lächeln
19.05%,4,blickte
19.05%,4,einstens
19.05%,4,fragte
19.05%,4,nacktheit
19.05%,4,solches
19.05%,4,verlassen
18.75%,6,zukunft
18.75%,3,gib
18.75%,3,heißt
18.75%,3,laß
18.75%,3,lichte
18.75%,3,wohin
18.60%,16,hand
18.52%,5,tief
18.49%,22,bist
18.18%,4,gegangen
18.18%,4,gehen
18.18%,4,gemeinschaft
18.18%,2,gemacht
18.18%,2,höre
18.18%,2,liebt
18.18%,2,nämlichen
18.18%,2,veränderung
18.18%,2,verständigung
18.18%,2,weich
17.65%,18,schicksal
17.65%,3,aufgenommen
17.65%,3,empfangen
17.65%,3,geschehens
17.65%,3,leib
17.65%,3,lippen
17.65%,3,weniger
17.54%,10,schatten
17.39%,4,meinem
17.39%,4,stufe
17.39%,4,unerreichbar
17.32%,40,dich
17.24%,5,darin
17.24%,5,milde
17.24%,5,unsere
16.81%,19,kaum
16.67%,6,ringsum
16.67%,5,freunde
16.67%,5,unsichtbaren
16.67%,3,genommen
16.67%,3,testament
16.67%,3,vereinigt
16.67%,2,dürfte
16.67%,2,erfassen
16.67%,2,gerichtet
16.67%,2,glatt
16.67%,2,kühl
16.67%,2,munde
16.67%,2,ziele
16.67%,1,ampel
16.67%,1,armen
16.67%,1,aufstieg
16.67%,1,ausgeschlossen
16.67%,1,begreift
16.67%,1,berechtigung
16.67%,1,besonders
16.67%,1,bestätigt
16.67%,1,bewirkt
16.67%,1,blinkte
16.67%,1,brauchen
16.67%,1,brücke
16.67%,1,eilig
16.67%,1,entrückt
16.67%,1,ergänzte
16.67%,1,erschrecken
16.67%,1,erster
16.67%,1,erwartend
16.67%,1,erwiderte
16.67%,1,feder
16.67%,1,fließen
16.67%,1,folgt
16.67%,1,gehorsam
16.67%,1,geschöpflichkeit
16.67%,1,gewesene
16.67%,1,gezeigt
16.67%,1,gleichgewichtes
16.67%,1,hattest
16.67%,1,hinkende
16.67%,1,immerzu
16.67%,1,inniger
16.67%,1,liebenden
16.67%,1,lösten
16.67%,1,mächtiger
16.67%,1,mittag
16.67%,1,nahezu
16.67%,1,nämlicher
16.67%,1,ostwärts
16.67%,1,proculus
16.67%,1,quell
16.67%,1,ruhende
16.67%,1,sagst
16.67%,1,schädel
16.67%,1,schlafe
16.67%,1,schlichte
16.67%,1,schwere
16.67%,1,seelen
16.67%,1,seufzer
16.67%,1,starke
16.67%,1,steckt
16.67%,1,stillen
16.67%,1,strand
16.67%,1,stummer
16.67%,1,tiefste
16.67%,1,töne
16.67%,1,unhörbaren
16.67%,1,unmittelbarer
16.67%,1,unruhe
16.67%,1,unwandelbaren
16.67%,1,verdeckt
16.67%,1,versuchen
16.67%,1,vieh
16.67%,1,vorhin
16.67%,1,wächst
16.67%,1,wand
16.67%,1,wölbte
16.67%,1,zitternden
16.67%,1,zufalls
16.67%,1,zufallsbrunst
16.67%,1,zurückgelassen
16.42%,11,gedicht
16.07%,9,landschaft
16.00%,4,stehen
16.00%,4,trug
15.79%,6,niemand
15.79%,3,vertraut
15.73%,14,wo
15.63%,5,verwandelt
15.56%,7,stern
15.38%,4,kind
15.38%,2,anstrengung
15.38%,2,bedarf
15.38%,2,bleibe
15.38%,2,entfernung
15.38%,2,erkennend
15.38%,2,gedanken
15.38%,2,hellen
15.38%,2,länger
15.38%,2,machte
15.38%,2,nimmer
15.38%,2,schultern
15.38%,2,spiegelnd
15.38%,2,zart
15.22%,7,augenblick
15.22%,7,geblieben
15.15%,5,schien
15.00%,3,geboren
15.00%,3,namenlos
15.00%,3,schicksals
15.00%,3,ufer
15.00%,3,wesenheit
14.93%,10,ihren
14.81%,12,sklave
14.81%,4,hingegen
14.81%,4,vergangenheit
14.69%,21,stimme
14.29%,8,ganz
14.29%,4,finden
14.29%,4,gekommen
14.29%,4,nackt
14.29%,4,ruhend
14.29%,3,koffer
14.29%,3,teil
14.29%,3,vermochte
14.29%,2,bloße
14.29%,2,dickicht
14.29%,2,einsgeworden
14.29%,2,halten
14.29%,2,lärm
14.29%,2,luft
14.29%,2,nächtlichen
14.29%,2,nimm
14.29%,2,pflanze
14.29%,2,raume
14.29%,2,spüren
14.29%,2,strahlung
14.29%,2,tatsächlich
14.29%,2,umgeben
14.29%,2,ungeachtet
14.29%,2,weisheit
14.29%,2,zog
14.29%,1,abstieg
14.29%,1,berührung
14.29%,1,bildern
14.29%,1,daraufhin
14.29%,1,dringen
14.29%,1,einzig
14.29%,1,entfernt
14.29%,1,erfaßt
14.29%,1,erleichterung
14.29%,1,fahl
14.29%,1,fließende
14.29%,1,gebeugt
14.29%,1,geöffnete
14.29%,1,gerichteten
14.29%,1,geschoben
14.29%,1,glänzte
14.29%,1,kerker
14.29%,1,kurz
14.29%,1,lauschenden
14.29%,1,leuchtende
14.29%,1,manuskript
14.29%,1,milder
14.29%,1,regionen
14.29%,1,ruder
14.29%,1,schimmern
14.29%,1,schlafenden
14.29%,1,schlichtheit
14.29%,1,schmerzhaft
14.29%,1,schweigens
14.29%,1,schwerer
14.29%,1,seite
14.29%,1,stärkere
14.29%,1,strenge
14.29%,1,tierhafte
14.29%,1,trat
14.29%,1,tust
14.29%,1,vergeblichkeit
14.29%,1,verschränkt
14.29%,1,versunken
14.29%,1,vertrautheit
14.29%,1,vervielfältigt
14.29%,1,vollzieht
14.29%,1,wachen
14.29%,1,weiteres
14.29%,1,werdenden
14.29%,1,wiedererkennen
14.29%,1,wiederholte
14.29%,1,zunehmenden
13.81%,29,mir
13.77%,19,uns
13.73%,7,warum
13.64%,12,fast
13.56%,8,antwort
13.51%,5,sicherlich
13.51%,5,zeigte
13.33%,2,absturz
13.33%,2,gestalten
13.33%,2,getrieben
13.33%,2,stärker
13.21%,7,lysanias
13.16%,5,atem
13.16%,5,schritt
13.04%,6,jedoch
13.04%,3,kette
13.04%,3,näher
13.04%,3,rede
12.93%,19,dort
12.90%,4,sichtbar
12.90%,4,viele
12.84%,19,dein
12.74%,33,wir
12.50%,7,weiß
12.50%,5,durfte
12.50%,5,hören
12.50%,5,meinen
12.50%,4,ab
12.50%,3,händen
12.50%,2,darob
12.50%,2,enthoben
12.50%,2,gemeinsam
12.50%,2,vieles
12.50%,2,vollkommen
12.50%,2,werdend
12.50%,1,ablauf
12.50%,1,ahnend
12.50%,1,atmete
12.50%,1,äußerst
12.50%,1,behalten
12.50%,1,beistand
12.50%,1,berechtigt
12.50%,1,berge
12.50%,1,besorgt
12.50%,1,bloßer
12.50%,1,cebes
12.50%,1,durchsichtigen
12.50%,1,entgegen
12.50%,1,erreichbar
12.50%,1,erwachen
12.50%,1,findet
12.50%,1,fremdheit
12.50%,1,geborgen
12.50%,1,gelingen
12.50%,1,gesichtes
12.50%,1,gestattet
12.50%,1,gleichzeitig
12.50%,1,goldene
12.50%,1,hell
12.50%,1,herab
12.50%,1,hing
12.50%,1,kinde
12.50%,1,künftigen
12.50%,1,mauern
12.50%,1,miteinander
12.50%,1,mund
12.50%,1,namenlosen
12.50%,1,rückte
12.50%,1,schlecht
12.50%,1,schön
12.50%,1,schweben
12.50%,1,siehst
12.50%,1,sieht
12.50%,1,strahlen
12.50%,1,süße
12.50%,1,tönte
12.50%,1,verdoppelt
12.50%,1,versuch
12.50%,1,wehte
12.50%,1,wille
12.50%,1,womöglich
12.50%,1,wurzeln
12.50%,1,zeitlos
12.20%,5,fahrt
12.14%,21,ihre
12.12%,4,eher
12.12%,4,heimkehr
12.12%,4,nimmermehr
12.00%,3,richtig
12.00%,3,still
12.00%,3,unser
11.90%,5,seltsam
11.87%,52,oh
11.86%,7,ziel
11.82%,13,wohl
11.76%,2,arme
11.76%,2,eingegangen
11.76%,2,freund
11.76%,2,freundschaft
11.76%,2,male
11.70%,11,nein
11.70%,11,vielleicht
11.54%,6,ward
11.54%,3,ganze
11.54%,3,letzter
11.43%,4,ehe
11.36%,5,allem
11.35%,16,mein
11.11%,7,blick
11.11%,6,gibt
11.11%,5,größer
11.11%,5,hielt
11.11%,4,etwa
11.11%,3,deines
11.11%,3,eigenes
11.11%,3,einstmals
11.11%,3,kopf
11.11%,3,wären
11.11%,2,fluten
11.11%,2,nie
11.11%,2,sollen
11.11%,2,tragen
11.11%,1,anderer
11.11%,1,atems
11.11%,1,ausschließlich
11.11%,1,befahl
11.11%,1,berühren
11.11%,1,braucht
11.11%,1,bringt
11.11%,1,bruder
11.11%,1,endgültigkeit
11.11%,1,entlang
11.11%,1,entlöst
11.11%,1,entscheiden
11.11%,1,erkennbar
11.11%,1,errichtet
11.11%,1,garten
11.11%,1,geheiß
11.11%,1,gewandelt
11.11%,1,gleichen
11.11%,1,grund
11.11%,1,hält
11.11%,1,haupt
11.11%,1,heiterkeit
11.11%,1,hold
11.11%,1,klingen
11.11%,1,knapp
11.11%,1,krank
11.11%,1,leichter
11.11%,1,liebend
11.11%,1,lösen
11.11%,1,meinung
11.11%,1,rand
11.11%,1,schwäche
11.11%,1,spannte
11.11%,1,spürbar
11.11%,1,steif
11.11%,1,umfaßt
11.11%,1,vollzog
11.11%,1,wahren
11.11%,1,wandbrunnen
11.11%,1,zurückkehren
11.06%,26,sehr
10.95%,15,leben
10.94%,7,innen
10.87%,25,ins
10.87%,5,gleichnis
10.86%,19,mich
10.81%,8,ach
10.71%,3,wahrhaft
10.61%,14,geworden
10.60%,16,kein
10.53%,6,wahrlich
10.53%,2,bewegung
10.53%,2,dorthin
10.53%,2,erfüllung
10.53%,2,gleichfalls
10.53%,2,herzens
10.53%,2,hieß
10.53%,2,irdischer
10.53%,2,name
10.53%,2,nunmehr
10.53%,2,spiegelbild
10.53%,2,tiere
10.53%,2,vielen
10.53%,2,vielmehr
10.39%,8,ging
10.34%,3,festhalten
10.34%,3,leicht
10.28%,80,ich
10.27%,15,hätte
10.26%,16,wäre
10.19%,11,tod
10.14%,7,knaben
10.13%,8,stand
10.10%,10,bei
10.09%,11,will
10.00%,4,könnte
10.00%,4,sprach
10.00%,2,führer
10.00%,2,gewässer
10.00%,2,langsam
10.00%,2,ruhen
10.00%,2,unsichtbare
10.00%,2,zusammen
10.00%,2,zwang
10.00%,1,anchises
10.00%,1,aufforderung
10.00%,1,aufgaben
10.00%,1,aufgehoben
10.00%,1,aufhebt
10.00%,1,auges
10.00%,1,beschieden
10.00%,1,bewegt
10.00%,1,erinnern
10.00%,1,erreichen
10.00%,1,fern
10.00%,1,festgehalten
10.00%,1,firmament
10.00%,1,fläche
10.00%,1,fügte
10.00%,1,führen
10.00%,1,gelangt
10.00%,1,geschweige
10.00%,1,gestanden
10.00%,1,hob
10.00%,1,komm
10.00%,1,körperlich
10.00%,1,machst
10.00%,1,manuskriptkoffer
10.00%,1,reden
10.00%,1,regte
10.00%,1,reihe
10.00%,1,schwelle
10.00%,1,see
10.00%,1,singen
10.00%,1,sohn
10.00%,1,sterblichen
10.00%,1,stumme
10.00%,1,unbekannt
10.00%,1,unmittelbarkeit
10.00%,1,verwunderlich
10.00%,1,vordem
10.00%,1,wartend
10.00%,1,welle
10.00%,1,widerhall
10.00%,1,wuchs
10.00%,1,wundersam
9.89%,9,ihrem
9.87%,23,ohne
9.85%,13,jetzt
9.80%,129,sie
9.76%,4,deinem
9.73%,29,ihr
9.68%,9,bin
9.68%,9,hin
9.68%,3,wirst
9.61%,185,war
9.60%,17,vergil
9.52%,6,außen
9.52%,2,stumm
9.52%,2,unverändert
9.52%,2,vorwärts
9.52%,2,wege
9.38%,12,zwischen
9.38%,9,seele
9.38%,3,nähe
9.29%,13,cäsar
9.26%,5,gestalt
9.26%,5,viel
9.15%,84,du
9.09%,10,aller
9.09%,7,diesem
9.09%,5,dürfen
9.09%,4,erkennen
9.09%,3,verschwunden
9.09%,2,dunkel
9.09%,2,unsichtbar
9.09%,1,becher
9.09%,1,begleitet
9.09%,1,beine
9.09%,1,dichten
9.09%,1,drüben
9.09%,1,dunkle
9.09%,1,erkenntnistat
9.09%,1,ernst
9.09%,1,gesichter
9.09%,1,hinauf
9.09%,1,klar
9.09%,1,lager
9.09%,1,mühelos
9.09%,1,schwebende
9.09%,1,sehend
9.09%,1,sichtbare
9.09%,1,übrigen
9.09%,1,unentrinnbar
9.09%,1,ungeduldig
9.09%,1,wachheit
9.09%,1,wies
9.09%,1,zweifel
8.99%,24,ja
8.99%,8,können
8.93%,5,indes
8.93%,5,lassen
8.89%,4,himmel
8.89%,4,vergessen
8.82%,9,seinen
8.82%,6,hatten
8.82%,3,gehört
8.73%,20,durch
8.70%,2,schwebend
8.68%,19,selbst
8.65%,9,deine
8.64%,7,obwohl
8.54%,27,über
8.54%,7,müssen
8.47%,5,eigene
8.43%,7,meine
8.40%,11,seinem
8.33%,3,anderen
8.33%,3,anfang
8.33%,3,keinerlei
8.33%,3,saß
8.33%,2,geben
8.33%,2,hindurch
8.33%,2,meiner
8.33%,1,anfangs
8.33%,1,aufgelöst
8.33%,1,begegnung
8.33%,1,bemühen
8.33%,1,bitte
8.33%,1,derart
8.33%,1,eigenschaft
8.33%,1,einschließend
8.33%,1,erfüllen
8.33%,1,ewigkeit
8.33%,1,fremden
8.33%,1,furcht
8.33%,1,gemeinsamkeit
8.33%,1,haut
8.33%,1,heran
8.33%,1,herüber
8.33%,1,jenen
8.33%,1,mauer
8.33%,1,meeres
8.33%,1,meldete
8.33%,1,mußt
8.33%,1,nachen
8.33%,1,schlange
8.33%,1,schwarzen
8.33%,1,sinnbildes
8.33%,1,sprichst
8.33%,1,suchend
8.33%,1,ufern
8.33%,1,unmöglich
8.33%,1,unsterblichkeit
8.33%,1,varius
8.33%,1,vergönnt
8.33%,1,vers
8.33%,1,verwandlung
8.33%,1,wahrscheinlich
8.33%,1,wesen
8.33%,1,zeichen
8.33%,1,zumindest
8.27%,22,nun
8.26%,9,niemals
8.20%,5,ewig
8.20%,5,gesicht
8.16%,12,wissen
8.16%,55,auch
8.11%,6,grenze
8.11%,3,mitte
8.00%,4,jenseits
8.00%,2,beides
8.00%,2,bett
8.00%,2,bringen
8.00%,2,gehalten
8.00%,2,inmitten
8.00%,2,tier
8.00%,2,unfähig
7.96%,16,augustus
7.94%,5,kam
7.89%,3,macht
7.89%,3,zimmer
7.84%,4,ende
7.69%,10,ob
7.69%,6,würde
7.69%,4,gut
7.69%,3,deinen
7.69%,2,geradezu
7.69%,2,gesagt
7.69%,2,nämliche
7.69%,2,unendlichen
7.69%,1,blut
7.69%,1,durchaus
7.69%,1,enthalten
7.69%,1,erwartete
7.69%,1,folgen
7.69%,1,gehoben
7.69%,1,genügt
7.69%,1,herum
7.69%,1,innern
7.69%,1,jählings
7.69%,1,kreise
7.69%,1,kuppel
7.69%,1,leer
7.69%,1,leiser
7.69%,1,namens
7.69%,1,schlug
7.69%,1,schöne
7.69%,1,sollten
7.69%,1,verändert
7.69%,1,verlangt
7.69%,1,wachsen
7.69%,1,wachsenden
7.69%,1,zuerst
7.64%,45,hatte
7.63%,9,dann
7.62%,8,mußte
7.58%,15,zeit
7.58%,5,lachen
7.58%,5,willen
7.55%,174,es
7.55%,4,blieb
7.53%,7,wer
7.50%,6,recht
7.50%,6,sei
7.50%,3,einander
7.50%,3,keinen
7.50%,3,welcher
7.49%,20,dir
7.41%,16,gewesen
7.41%,2,allerdings
7.41%,2,boden
7.35%,5,andere
7.32%,12,man
7.32%,3,zufall
7.29%,7,sondern
7.27%,4,lag
7.20%,27,doch
7.18%,128,zu
7.16%,33,sein
7.14%,4,sehnsucht
7.14%,3,daran
7.14%,2,endlich
7.14%,2,kannst
7.14%,2,spürte
7.14%,2,strom
7.14%,2,wiedergeburt
7.14%,1,aufgerichtet
7.14%,1,ausgang
7.14%,1,blieben
7.14%,1,deutlich
7.14%,1,eigen
7.14%,1,einfach
7.14%,1,fand
7.14%,1,furchtbar
7.14%,1,gefilde
7.14%,1,geführt
7.14%,1,geheimnis
7.14%,1,gelangen
7.14%,1,gemeinsamen
7.14%,1,gespannt
7.14%,1,gewußt
7.14%,1,irgendwo
7.14%,1,kandelaber
7.14%,1,mäcenas
7.14%,1,meines
7.14%,1,nahm
7.14%,1,obschon
7.14%,1,schönen
7.14%,1,steinern
7.14%,1,unbeweglich
7.14%,1,zwischenreich
7.10%,24,vor
7.06%,108,nicht
7.02%,4,mag
6.98%,3,ebenso
6.98%,3,ferne
6.96%,79,von
6.94%,55,so
6.90%,10,keine
6.90%,4,jeder
6.90%,2,damals
6.90%,2,genug
6.90%,2,schwebte
6.90%,2,verloren
6.85%,33,da
6.82%,6,zugleich
6.82%,3,her
6.82%,3,letzte
6.82%,3,warten
6.80%,27,nichts
6.77%,13,schon
6.77%,355,und
6.77%,9,dieser
6.76%,10,plotius
6.75%,22,wurde
6.74%,6,sollte
6.74%,6,welche
6.72%,9,dennoch
6.67%,5,wollte
6.67%,3,form
6.67%,2,spiegel
6.67%,2,wunsch
6.67%,2,zeiten
6.67%,1,auftrag
6.67%,1,dahinter
6.67%,1,endgültig
6.67%,1,erkannt
6.67%,1,fieber
6.67%,1,gezwungen
6.67%,1,kamen
6.67%,1,klarheit
6.67%,1,land
6.67%,1,los
6.67%,1,meere
6.67%,1,mögen
6.67%,1,ruhig
6.67%,1,seiende
6.67%,1,soweit
6.67%,1,strahlend
6.67%,1,tiefsten
6.67%,1,wortes
6.65%,37,mehr
6.59%,47,wie
6.57%,9,ihnen
6.54%,149,in
6.47%,15,wenn
6.45%,36,um
6.45%,4,erst
6.45%,4,hilfe
6.45%,2,äneas
6.45%,2,befehl
6.45%,2,eigentlich
6.45%,2,grenzen
6.45%,2,stelle
6.45%,2,trotz
6.40%,8,einen
6.37%,17,vom
6.30%,8,etwas
6.27%,21,aber
6.25%,34,aus
6.25%,4,vermag
6.25%,3,tun
6.25%,3,wort
6.25%,1,ausdruck
6.25%,1,bette
6.25%,1,denken
6.25%,1,erhalten
6.25%,1,geist
6.25%,1,geöffneten
6.25%,1,heraus
6.25%,1,irgend
6.25%,1,kommt
6.25%,1,ruhte
6.25%,1,scharf
6.25%,1,stück
6.25%,1,türe
6.25%,1,unmittelbar
6.25%,1,würden
6.25%,1,zweiten
6.17%,5,licht
6.15%,4,zurück
6.15%,11,sind
6.12%,18,immer
6.12%,3,gar
6.10%,67,ist
6.06%,2,getragen
6.05%,13,seine
6.03%,31,ihm
6.01%,106,er
5.99%,10,hier
5.96%,14,einer
5.96%,254,die
5.95%,46,daß
5.93%,91,den
5.91%,14,waren
5.88%,4,weg
5.88%,3,deiner
5.88%,3,unendlich
5.88%,2,cäsars
5.88%,1,beider
5.88%,1,decke
5.88%,1,erkennt
5.88%,1,gebrochen
5.88%,1,geschieht
5.88%,1,gestirn
5.88%,1,imstande
5.88%,1,keinem
5.88%,1,kleiner
5.88%,1,lediglich
5.88%,1,letztes
5.88%,1,richtiger
5.88%,1,stummen
5.88%,1,weißt
5.88%,1,wollten
5.84%,8,lucius
5.82%,21,ihn
5.81%,5,worden
5.77%,3,leise
5.76%,54,ein
5.75%,49,mit
5.71%,6,allein
5.71%,2,davon
5.71%,2,einst
5.71%,2,hauch
5.71%,2,jene
5.60%,13,seiner
5.59%,146,das
5.58%,26,für
5.56%,17,dies
5.56%,3,darüber
5.56%,3,lebens
5.56%,3,worte
5.56%,2,plötzlich
5.56%,2,wiederum
5.56%,1,ahnen
5.56%,1,dauer
5.56%,1,dinge
5.56%,1,feuer
5.56%,1,gegeben
5.56%,1,gerufen
5.56%,1,gleichgewicht
5.56%,1,hingebreitet
5.56%,1,innerste
5.56%,1,lichtes
5.56%,1,lied
5.56%,1,liegt
5.56%,1,tiefen
5.56%,1,verhaftet
5.56%,1,vorher
5.56%,1,wegen
5.52%,25,nur
5.50%,6,einmal
5.50%,51,als
5.48%,4,eigenen
5.48%,4,hinter
5.43%,5,seines
5.43%,86,sich
5.41%,8,unter
5.41%,2,dunkelheit
5.41%,2,sonst
5.41%,2,spiel
5.36%,3,bleiben
5.36%,3,gleichsam
5.28%,17,werden
5.27%,42,im
5.26%,7,habe
5.26%,4,konnte
5.26%,1,einzige
5.26%,1,geheimnisvoll
5.26%,1,nennen
5.26%,1,rieseln
5.26%,1,roms
5.26%,1,schaffen
5.26%,1,umfangen
5.26%,1,verlockung
5.24%,12,was
5.22%,6,dessen
5.17%,3,ließ
5.15%,40,noch
5.13%,2,überhaupt
5.13%,2,vater
5.12%,17,selber
5.08%,24,zum
5.08%,13,einem
5.06%,4,je
5.06%,30,auf
5.05%,242,der
5.00%,5,also
5.00%,3,geschehen
5.00%,3,wenig
5.00%,2,darauf
5.00%,2,sonne
5.00%,1,antlitz
5.00%,1,art
5.00%,1,friede
5.00%,1,gesang
5.00%,1,gnade
5.00%,1,jeher
5.00%,1,rückkehr
5.00%,1,sänfte
5.00%,1,statt
4.97%,9,wirklichkeit
4.96%,14,wieder
4.96%,12,ihrer
4.88%,4,letzten
4.88%,2,dichter
4.88%,2,mutter
4.88%,2,sterben
4.88%,2,zwar
4.84%,3,bleibt
4.76%,2,andern
4.76%,2,hinaus
4.76%,2,jedes
4.76%,1,alls
4.76%,1,äußersten
4.76%,1,beim
4.76%,1,leuchten
4.76%,1,müßte
4.76%,1,sanft
4.76%,1,sofort
4.76%,1,traume
4.75%,68,dem
4.71%,4,kann
4.65%,2,dabei
4.62%,26,an
4.56%,84,des
4.55%,4,neue
4.55%,2,gott
4.55%,2,irdisch
4.55%,2,tode
4.55%,1,arbeit
4.55%,1,endlos
4.55%,1,immerdar
4.55%,1,solchen
4.55%,1,volke
4.55%,1,völlig
4.48%,3,erde
4.44%,2,geschah
4.41%,6,dieses
4.41%,6,haben
4.38%,6,am
4.35%,6,all
4.35%,4,namen
4.35%,3,wollen
4.35%,1,anders
4.35%,1,bestand
4.35%,1,finsternis
4.35%,1,gerne
4.35%,1,hörte
4.35%,1,wasser
4.32%,7,hast
4.29%,3,tat
4.27%,5,sogar
4.21%,22,zur
4.20%,11,oder
4.19%,16,eine
4.17%,2,arzt
4.17%,2,menschliche
4.17%,1,getan
4.17%,1,gleichzeitigkeit
4.17%,1,hoch
4.17%,1,innersten
4.17%,1,jeden
4.17%,1,jungen
4.17%,1,sagen
4.17%,1,ursprung
4.11%,3,augen
4.00%,4,knabe
4.00%,2,ihres
4.00%,2,oben
4.00%,2,octavian
4.00%,1,durchsichtig
4.00%,1,einsamkeit
4.00%,1,erreicht
4.00%,1,göttlichen
4.00%,1,körper
4.00%,1,längst
4.00%,1,machen
4.00%,1,manchmal
4.00%,1,nehmen
4.00%,1,stummheit
4.00%,1,vorhanden
3.92%,2,sah
3.85%,5,trotzdem
3.85%,2,beide
3.85%,2,jener
3.85%,1,erste
3.85%,1,frieden
3.85%,1,hiezu
3.85%,1,unbewegt
3.82%,11,denn
3.79%,5,bloß
3.77%,2,angst
3.77%,2,denen
3.77%,2,wurden
3.70%,4,weiter
3.70%,3,gegen
3.70%,2,allen
3.70%,1,durchsichtigkeit
3.70%,1,oft
3.70%,1,schier
3.68%,5,diese
3.66%,3,nochmals
3.57%,4,schönheit
3.57%,1,bestimmt
3.57%,1,draußen
3.57%,1,groß
3.57%,1,neuen
3.57%,1,schlaf
3.57%,1,sprechen
3.57%,1,sterne
3.53%,3,kunst
3.51%,2,während
3.45%,12,wird
3.45%,2,kraft
3.45%,1,geöffnet
3.45%,1,jeglicher
3.45%,1,minder
3.39%,2,aufs
3.33%,4,irdischen
3.33%,2,unten
3.33%,1,brust
3.33%,1,fühlte
3.30%,3,welt
3.28%,2,willst
3.27%,5,nacht
3.23%,1,außerhalb
3.23%,1,daher
3.23%,1,wein
3.17%,2,menschlichen
3.16%,3,deren
3.13%,2,freilich
3.13%,1,schweigen
3.08%,4,eines
3.08%,2,darf
3.08%,2,darum
3.06%,3,sprache
3.06%,7,nach
3.03%,2,gab
3.03%,1,fenster
3.03%,1,verse
2.99%,2,stets
2.98%,7,alles
2.96%,5,weil
2.94%,1,begann
2.94%,1,stimmen
2.86%,1,diesen
2.86%,1,herz
2.78%,2,soll
2.70%,1,aufgabe
2.67%,2,seins
2.63%,2,werde
2.56%,1,einzigen
2.56%,1,flucht
2.56%,1,frage
2.56%,1,genau
2.56%,1,seit
2.50%,1,ersten
2.50%,1,gerade
2.50%,1,gleich
2.50%,1,lange
2.50%,1,tag
2.48%,4,alle
2.48%,4,erkenntnis
2.47%,2,erinnerung
2.41%,2,bereits
2.38%,1,sehen
2.33%,2,eben
2.30%,2,wußte
2.27%,1,jedem
2.25%,2,schöpfung
2.22%,3,bis
2.22%,3,damit
2.22%,2,äneis
2.22%,1,erfüllt
2.22%,1,mochte
2.22%,1,solcher
2.22%,1,steht
2.17%,1,wirklich
2.13%,1,traum
2.04%,1,solch
2.04%,1,weder
1.92%,1,tiefe
1.89%,1,leere
1.87%,4,hat
1.85%,1,volk
1.82%,1,weit
1.77%,2,muß
1.71%,3,menschen
1.69%,1,hoffnung
1.59%,1,raum
1.35%,1,werk
1.33%,1,dichtung
1.20%,1,götter
1.09%,1,einheit
,4979,TOTAL (Ts)
