"Total Number of Words Containing and Related to ""[Tt]ier"" or ""[Kk]reat[uü]r"" in Whole Text",
Occurrences,Term
25,tier
19,tiere
13,kreatürlichen
12,kreatürliche
7,tierhaften
7,tierhafte
7,tieres
6,tierischen
6,getier
5,tierhaftigkeit
5,kreatur
4,tierheit
4,kreatürlichkeit
3,tierische
3,tierhaft
3,tieren
3,tierartig
2,untertierischen
2,untertierhaft
2,ungetier
2,tiergesicht
2,tierfratze
2,lasttieren
2,kreatürlicher
2,kreatürlich
2,hintertierischen
2,außerkreatürlichen
1,wildtierhaften
1,vorkreatürlichen
1,vogelgetier
1,urtierischester
1,urtierischesten
1,untierische
1,untier
1,untertierhaftigkeit
1,ungetiers
1,tierwürzelig
1,tierverwobene
1,tierverrieselnden
1,tierstimmenhauch
1,tierstengelig
1,tierordnung
1,tiernebel
1,tierlaubig
1,tierischpflanzlichen
1,tierisches
1,tierisch
1,tierherden
1,tierhaftes
1,tierhafter
1,tiergesättigten
1,tiergestaltige
1,tiergesichtig
1,tiergeschicht
1,tiergebärenden
1,tierganzheit
1,tierfratzen
1,tierbilder
1,tierauge
1,tieratmen
1,tieratems
1,tierarzt
1,tierantlitzes
1,tierantlitz
1,tierallheit
1,ptlanzlichtierischen
1,planzlichtierischen
1,pflanzlichtierisch
1,menschentiere
1,massentierischen
1,massentieres
1,massentier
1,kreaturen
1,herdentieres
1,getieres
1,fratzengetier
1,fabeltier
1,einzeltier
1,außerkreatürlichkeit
204,TOTAL (Tm)
