"Total Number of Words Containing and Related to ""[Mm]ensch"" in Whole Text",
Occurrences,Term
175,menschen
83,mensch
63,menschlichen
48,menschliche
15,menschlichkeit
12,menschenseele
10,menschlich
9,menschliches
9,menschlicher
8,menschentums
8,menschenantlitz
6,nebenmenschen
6,menschenwerk
5,zusammenschluß
4,menschheit
4,menschentum
3,menschenschicksal
3,menschengemeinschaft
2,stimmenschließend
2,menschlichste
2,menschenvielfalt
2,menschensprache
2,menschenmassen
2,menschenleben
2,menschenherzen
2,menschenherden
2,menschengestalt
2,menschendickicht
2,menschenauge
2,göttlichmenschlichen
1,zusammenschlusses
1,zusammenschlug
1,zusammenschloß
1,zusammenschließen
1,zusammenschlagend
1,untermenschlichen
1,untermenschlich
1,unmenschlichen
1,unmenschliche
1,unmenschlich
1,scheinmenschentum
1,nebenmensch
1,menschtum
1,menschlichkeitserfüllt
1,menschlenleben
1,menschiichkeit
1,menschhineingehalten
1,menschheitsverpflichtung
1,menschheitsstreben
1,menschheitsstiftende
1,menschheitsreich
1,menschheitsgebunden
1,menschheitsbrücken
1,menschheitsaufgabe
1,menschhaften
1,menschenähnlichen
1,menschenziel
1,menschenzerquälte
1,menschenwärme
1,menschenwunder
1,menschenwerkes
1,menschentod
1,menschentiere
1,menschenseins
1,menschensehnsucht
1,menschenrückseite
1,menschenordnung
1,menschenmund
1,menschenmenge
1,menschenliedes
1,menschenleid
1,menschenleibern
1,menschenkörper
1,menschenhände
1,menschenhumus
1,menschenhorde
1,menschenhilfe
1,menschenhaufen
1,menschengeé
1,menschengewühles
1,menschengeschlechter
1,menschengeruch
1,menschengemurmel
1,menschengemeinde
1,menschengeheul
1,menschengedenken
1,menschengeburt
1,menschengebilde
1,menschenfauchende
1,menschenerfüllte
1,menschenentrückten
1,menschenentlöst
1,menschenentfernt
1,menschenbrandung
1,menschenbestandteilen
1,menschenbehauste
1,menschenantlitzes
1,menschdurchhetzt
1,lebensmenschliche
1,irdischmenschlichen
1,irdischmenschliche
1,göttlichmenschliche
1,gegenmenschliche
1,flammenschiebe
1,einzelmenschen
1,dermenschlichen
1,außermenschliches
1,außermenschlicherstarrtesten
573,TOTAL (Tm)
