"Total Number of Words Containing and Related to ""[Nn][äa]cht"" in Whole Text",
Occurrences,Term
153,nacht
20,nächtlich
14,nächtlichen
13,nächte
3,nächtlichkeit
3,nachthöhle
3,nachteinsamkeit
2,nächtliche
2,nächten
2,nachtwelt
2,nachtstille
2,nachtstern
2,nachthügelketten
2,nachthauch
2,nachtglast
2,nachtgewölbes
2,nachtgefährten
2,nachtgefährte
2,nachtgebilde
2,nachteinströmend
2,allnächtlich
1,wiegennacht
1,weltennachthöhle
1,weltennacht
1,vollnächtlichen
1,vernachten
1,ururnächtlichen
1,urnächtliche
1,urnacht
1,unnacht
1,sternennacht
1,nächtlichunnächtlichen
1,nächtlicher
1,nächtlichem
1,nachtüberdauernd
1,nachtzeiten
1,nachtzeit
1,nachtwissen
1,nachtwellen
1,nachtweichen
1,nachtwegen
1,nachtweg
1,nachtwandlung
1,nachtverdämmert
1,nachtumgeben
1,nachttragend
1,nachttages
1,nachtsüber
1,nachtsäfte
1,nachtstärke
1,nachtsprießenden
1,nachtsein
1,nachtsehnsüchtig
1,nachtseher
1,nachtschwere
1,nachtschweigen
1,nachtschwarzen
1,nachtschild
1,nachtresten
1,nachtreise
1,nachtregenbogen
1,nachtrauschenden
1,nachtraum
1,nachtrandes
1,nachtrande
1,nachtnächtlichkeit
1,nachtmyriaden
1,nachtlächelns
1,nachtlächelndes
1,nachtlachen
1,nachtkuppel
1,nachtkreis
1,nachtklingens
1,nachthügelwellen
1,nachthoffnung
1,nachthitze
1,nachthintergrundes
1,nachthinkende
1,nachthimmel
1,nachthelligkeit
1,nachthaft
1,nachtgrenzen
1,nachtglitzernd
1,nachtgewitter
1,nachtgetränkt
1,nachtgeschehens
1,nachtfrühlingshaft
1,nachtferne
1,nachtfalter
1,nachtfahrt
1,nachterstarrt
1,nachtendes
1,nachteinbruch
1,nachtdurchtränkte
1,nachtdurchfliegenden
1,nachtdunklen
1,nachtdunkelheit
1,nachtdickicht
1,nachtbrise
1,nachtblutgemischt
1,nachtbezwingend
1,nachtbergender
1,nachtausstrümend
1,nachtausströmend
1,nachtaugesich
1,nachtaufruf
1,nachtaufgelöst
1,nachtaterr
1,nachtatems
1,nachtastendes
1,nachtanzendes
1,mitternächtlichen
1,herdennacht
1,helligkeitsnacht
1,gegennacht
1,arbeitsnächtlichkeit
1,abernächte
333,TOTAL (Tm)
