"Total Number of Words Containing and Related to ""[Dd]ämmer"" in Whole Text",
Occurrences,Term
30,dämmerung
4,verdämmerte
4,dämmernden
4,dämmernde
4,dahindämmern
3,dämmerlicht
3,dämmerigen
3,dämmerhafter
2,dämmerungsumfangen
2,dämmerstrom
2,dämmerig
2,dämmerhaft
2,dahindämmerns
1,vordämmerung
1,verdämmert
1,verdämmernder
1,verdämmernd
1,traumdämmernde
1,sternendämmerung
1,nachtverdämmert
1,morgendämmerung
1,leerdämmernden
1,hingedämmert
1,herumdämmern
1,eindämmerungssüchtigen
1,eindämmern
1,dämmerwolke
1,dämmerungswolke
1,dämmerungsverflossen
1,dämmerungsumflossen
1,dämmerungsschwingende
1,dämmerungsklarheit
1,dämmerungsgrau
1,dämmerungsentlösten
1,dämmerungdoch
1,dämmerungalles
1,dämmert
1,dämmerschwelle
1,dämmerschlaf
1,dämmerschicht
1,dämmernebel
1,dämmerndes
1,dämmernder
1,dämmerlauschen
1,dämmerhaftigkeit
1,dämmerhafte
1,dämmerfluchen
1,dämmerdecke
1,dämmerahnender
1,dahindämmert
1,bergumdämmerten
1,aufgedämmert
1,abenddämmerung
105,TOTAL (Tm)
